x-axis,1,2
second,Volt,Volt
-624.00E-06,-55.89950E-03,-3.04020E-03
-623.00E-06,-76.00000E-03,-3.04020E-03
-622.00E-06,-76.00000E-03,-3.04020E-03
-621.00E-06,-76.00000E-03,-3.04020E-03
-620.00E-06,-55.89950E-03,-3.04020E-03
-619.00E-06,-35.79899E-03,-3.04020E-03
-618.00E-06,-76.00000E-03,-3.04020E-03
-617.00E-06,-76.00000E-03,-3.04020E-03
-616.00E-06,-15.69849E-03,-3.04020E-03
-615.00E-06,-35.79899E-03,-3.04020E-03
-614.00E-06,-76.00000E-03,-9.07035E-03
-613.00E-06,+4.40201E-03,-3.04020E-03
-612.00E-06,+4.40201E-03,-5.05025E-03
-611.00E-06,-76.00000E-03,-3.04020E-03
-610.00E-06,-76.00000E-03,-3.04020E-03
-609.00E-06,+4.40201E-03,-3.04020E-03
-608.00E-06,-76.00000E-03,-3.04020E-03
-607.00E-06,-35.79899E-03,+979.90E-06
-606.00E-06,-15.69849E-03,-3.04020E-03
-605.00E-06,-76.00000E-03,-3.04020E-03
-604.00E-06,-15.69849E-03,-3.04020E-03
-603.00E-06,-35.79899E-03,-3.04020E-03
-602.00E-06,-76.00000E-03,-1.03015E-03
-601.00E-06,-76.00000E-03,-3.04020E-03
-600.00E-06,-15.69849E-03,-3.04020E-03
-599.00E-06,-76.00000E-03,-3.04020E-03
-598.00E-06,-76.00000E-03,-3.04020E-03
-597.00E-06,-76.00000E-03,-3.04020E-03
-596.00E-06,-76.00000E-03,-3.04020E-03
-595.00E-06,-76.00000E-03,-7.06030E-03
-594.00E-06,-76.00000E-03,-3.04020E-03
-593.00E-06,-76.00000E-03,-3.04020E-03
-592.00E-06,-55.89950E-03,-3.04020E-03
-591.00E-06,-35.79899E-03,-3.04020E-03
-590.00E-06,-76.00000E-03,-3.04020E-03
-589.00E-06,-76.00000E-03,-3.04020E-03
-588.00E-06,-15.69849E-03,-5.05025E-03
-587.00E-06,-76.00000E-03,-3.04020E-03
-586.00E-06,-15.69849E-03,-3.04020E-03
-585.00E-06,-76.00000E-03,-3.04020E-03
-584.00E-06,-76.00000E-03,-3.04020E-03
-583.00E-06,-76.00000E-03,-3.04020E-03
-582.00E-06,-76.00000E-03,-3.04020E-03
-581.00E-06,-76.00000E-03,+5.00000E-03
-580.00E-06,-15.69849E-03,-3.04020E-03
-579.00E-06,-35.79899E-03,-3.04020E-03
-578.00E-06,-15.69849E-03,-3.04020E-03
-577.00E-06,+4.40201E-03,-3.04020E-03
-576.00E-06,-76.00000E-03,-3.04020E-03
-575.00E-06,-76.00000E-03,-3.04020E-03
-574.00E-06,-55.89950E-03,-1.03015E-03
-573.00E-06,-76.00000E-03,-3.04020E-03
-572.00E-06,-76.00000E-03,-3.04020E-03
-571.00E-06,-76.00000E-03,-3.04020E-03
-570.00E-06,-76.00000E-03,-9.07035E-03
-569.00E-06,-76.00000E-03,-3.04020E-03
-568.00E-06,-76.00000E-03,-3.04020E-03
-567.00E-06,-76.00000E-03,-3.04020E-03
-566.00E-06,-76.00000E-03,-3.04020E-03
-565.00E-06,-76.00000E-03,-3.04020E-03
-564.00E-06,-76.00000E-03,-3.04020E-03
-563.00E-06,-35.79899E-03,+979.90E-06
-562.00E-06,-76.00000E-03,-3.04020E-03
-561.00E-06,+4.40201E-03,-3.04020E-03
-560.00E-06,-76.00000E-03,-3.04020E-03
-559.00E-06,-76.00000E-03,-3.04020E-03
-558.00E-06,-76.00000E-03,-3.04020E-03
-557.00E-06,-76.00000E-03,-3.04020E-03
-556.00E-06,-76.00000E-03,-3.04020E-03
-555.00E-06,-35.79899E-03,-3.04020E-03
-554.00E-06,-76.00000E-03,-9.07035E-03
-553.00E-06,-76.00000E-03,-3.04020E-03
-552.00E-06,-55.89950E-03,-3.04020E-03
-551.00E-06,-76.00000E-03,-3.04020E-03
-550.00E-06,-76.00000E-03,-3.04020E-03
-549.00E-06,+4.40201E-03,-3.04020E-03
-548.00E-06,-76.00000E-03,-3.04020E-03
-547.00E-06,-76.00000E-03,-3.04020E-03
-546.00E-06,-55.89950E-03,-3.04020E-03
-545.00E-06,+4.40201E-03,-3.04020E-03
-544.00E-06,-55.89950E-03,-3.04020E-03
-543.00E-06,+4.40201E-03,-3.04020E-03
-542.00E-06,-76.00000E-03,-3.04020E-03
-541.00E-06,-76.00000E-03,-3.04020E-03
-540.00E-06,-76.00000E-03,-3.04020E-03
-539.00E-06,-76.00000E-03,-3.04020E-03
-538.00E-06,-76.00000E-03,-3.04020E-03
-537.00E-06,-76.00000E-03,-3.04020E-03
-536.00E-06,-15.69849E-03,-3.04020E-03
-535.00E-06,-35.79899E-03,-3.04020E-03
-534.00E-06,-15.69849E-03,-3.04020E-03
-533.00E-06,-76.00000E-03,-3.04020E-03
-532.00E-06,-76.00000E-03,-3.04020E-03
-531.00E-06,-35.79899E-03,-3.04020E-03
-530.00E-06,-55.89950E-03,+2.98995E-03
-529.00E-06,-76.00000E-03,-3.04020E-03
-528.00E-06,-76.00000E-03,-3.04020E-03
-527.00E-06,-76.00000E-03,-7.06030E-03
-526.00E-06,-76.00000E-03,-3.04020E-03
-525.00E-06,+4.40201E-03,-3.04020E-03
-524.00E-06,-55.89950E-03,-3.04020E-03
-523.00E-06,-76.00000E-03,-7.06030E-03
-522.00E-06,+4.40201E-03,-3.04020E-03
-521.00E-06,-76.00000E-03,-3.04020E-03
-520.00E-06,-76.00000E-03,-3.04020E-03
-519.00E-06,-76.00000E-03,-7.06030E-03
-518.00E-06,-76.00000E-03,-3.04020E-03
-517.00E-06,+4.40201E-03,-3.04020E-03
-516.00E-06,-76.00000E-03,+2.98995E-03
-515.00E-06,-76.00000E-03,-7.06030E-03
-514.00E-06,-76.00000E-03,-3.04020E-03
-513.00E-06,-76.00000E-03,-3.04020E-03
-512.00E-06,-76.00000E-03,-3.04020E-03
-511.00E-06,-76.00000E-03,-3.04020E-03
-510.00E-06,-55.89950E-03,-3.04020E-03
-509.00E-06,-76.00000E-03,-3.04020E-03
-508.00E-06,-76.00000E-03,-3.04020E-03
-507.00E-06,-76.00000E-03,-3.04020E-03
-506.00E-06,-55.89950E-03,-3.04020E-03
-505.00E-06,+4.40201E-03,-3.04020E-03
-504.00E-06,-76.00000E-03,-3.04020E-03
-503.00E-06,-76.00000E-03,-3.04020E-03
-502.00E-06,-76.00000E-03,-3.04020E-03
-501.00E-06,-76.00000E-03,-3.04020E-03
-500.00E-06,-76.00000E-03,-3.04020E-03
-499.00E-06,-76.00000E-03,-3.04020E-03
-498.00E-06,-76.00000E-03,-5.05025E-03
-497.00E-06,-76.00000E-03,-3.04020E-03
-496.00E-06,-55.89950E-03,-3.04020E-03
-495.00E-06,-76.00000E-03,-3.04020E-03
-494.00E-06,-76.00000E-03,-3.04020E-03
-493.00E-06,-76.00000E-03,-3.04020E-03
-492.00E-06,-76.00000E-03,-3.04020E-03
-491.00E-06,-76.00000E-03,-3.04020E-03
-490.00E-06,+4.40201E-03,-3.04020E-03
-489.00E-06,+4.40201E-03,-3.04020E-03
-488.00E-06,-55.89950E-03,-3.04020E-03
-487.00E-06,-76.00000E-03,-3.04020E-03
-486.00E-06,-76.00000E-03,-3.04020E-03
-485.00E-06,+4.40201E-03,-3.04020E-03
-484.00E-06,-15.69849E-03,+2.98995E-03
-483.00E-06,-76.00000E-03,-3.04020E-03
-482.00E-06,-15.69849E-03,-3.04020E-03
-481.00E-06,-76.00000E-03,-3.04020E-03
-480.00E-06,-55.89950E-03,-3.04020E-03
-479.00E-06,-35.79899E-03,-3.04020E-03
-478.00E-06,-76.00000E-03,-3.04020E-03
-477.00E-06,-76.00000E-03,-3.04020E-03
-476.00E-06,-76.00000E-03,-3.04020E-03
-475.00E-06,+4.40201E-03,-3.04020E-03
-474.00E-06,-76.00000E-03,-3.04020E-03
-473.00E-06,-76.00000E-03,-3.04020E-03
-472.00E-06,-76.00000E-03,+979.90E-06
-471.00E-06,-35.79899E-03,-3.04020E-03
-470.00E-06,-76.00000E-03,-3.04020E-03
-469.00E-06,-76.00000E-03,-3.04020E-03
-468.00E-06,-55.89950E-03,-3.04020E-03
-467.00E-06,-76.00000E-03,-7.06030E-03
-466.00E-06,-76.00000E-03,-3.04020E-03
-465.00E-06,-76.00000E-03,-3.04020E-03
-464.00E-06,-15.69849E-03,-3.04020E-03
-463.00E-06,-76.00000E-03,-3.04020E-03
-462.00E-06,-76.00000E-03,-3.04020E-03
-461.00E-06,-76.00000E-03,+5.00000E-03
-460.00E-06,-76.00000E-03,-3.04020E-03
-459.00E-06,-76.00000E-03,-3.04020E-03
-458.00E-06,-76.00000E-03,-3.04020E-03
-457.00E-06,-76.00000E-03,-3.04020E-03
-456.00E-06,-76.00000E-03,-3.04020E-03
-455.00E-06,-35.79899E-03,-3.04020E-03
-454.00E-06,-76.00000E-03,-3.04020E-03
-453.00E-06,+4.40201E-03,-3.04020E-03
-452.00E-06,-76.00000E-03,-3.04020E-03
-451.00E-06,-76.00000E-03,-7.06030E-03
-450.00E-06,-55.89950E-03,-3.04020E-03
-449.00E-06,-76.00000E-03,-3.04020E-03
-448.00E-06,-55.89950E-03,-3.04020E-03
-447.00E-06,-76.00000E-03,+979.90E-06
-446.00E-06,-76.00000E-03,+2.98995E-03
-445.00E-06,-76.00000E-03,-3.04020E-03
-444.00E-06,-76.00000E-03,-5.05025E-03
-443.00E-06,-76.00000E-03,-3.04020E-03
-442.00E-06,-76.00000E-03,-3.04020E-03
-441.00E-06,-76.00000E-03,-3.04020E-03
-440.00E-06,-15.69849E-03,-5.05025E-03
-439.00E-06,-35.79899E-03,-3.04020E-03
-438.00E-06,-76.00000E-03,-3.04020E-03
-437.00E-06,-76.00000E-03,-3.04020E-03
-436.00E-06,-76.00000E-03,-3.04020E-03
-435.00E-06,-76.00000E-03,-3.04020E-03
-434.00E-06,-76.00000E-03,-3.04020E-03
-433.00E-06,+4.40201E-03,-3.04020E-03
-432.00E-06,-55.89950E-03,-3.04020E-03
-431.00E-06,-35.79899E-03,-3.04020E-03
-430.00E-06,-55.89950E-03,-3.04020E-03
-429.00E-06,-76.00000E-03,-3.04020E-03
-428.00E-06,-76.00000E-03,-3.04020E-03
-427.00E-06,-76.00000E-03,-3.04020E-03
-426.00E-06,-76.00000E-03,-3.04020E-03
-425.00E-06,-76.00000E-03,-3.04020E-03
-424.00E-06,-76.00000E-03,-3.04020E-03
-423.00E-06,-76.00000E-03,-3.04020E-03
-422.00E-06,-55.89950E-03,-3.04020E-03
-421.00E-06,-76.00000E-03,+5.00000E-03
-420.00E-06,-76.00000E-03,-3.04020E-03
-419.00E-06,-35.79899E-03,-3.04020E-03
-418.00E-06,-76.00000E-03,-3.04020E-03
-417.00E-06,-76.00000E-03,-3.04020E-03
-416.00E-06,-76.00000E-03,-5.05025E-03
-415.00E-06,-35.79899E-03,-3.04020E-03
-414.00E-06,-76.00000E-03,-3.04020E-03
-413.00E-06,-76.00000E-03,-3.04020E-03
-412.00E-06,-15.69849E-03,-3.04020E-03
-411.00E-06,-76.00000E-03,-3.04020E-03
-410.00E-06,-76.00000E-03,-3.04020E-03
-409.00E-06,-76.00000E-03,-3.04020E-03
-408.00E-06,-35.79899E-03,-3.04020E-03
-407.00E-06,-76.00000E-03,-3.04020E-03
-406.00E-06,-76.00000E-03,-3.04020E-03
-405.00E-06,-76.00000E-03,+5.00000E-03
-404.00E-06,-76.00000E-03,-3.04020E-03
-403.00E-06,-35.79899E-03,-3.04020E-03
-402.00E-06,-55.89950E-03,-3.04020E-03
-401.00E-06,-76.00000E-03,-3.04020E-03
-400.00E-06,-76.00000E-03,-3.04020E-03
-399.00E-06,-76.00000E-03,-3.04020E-03
-398.00E-06,-76.00000E-03,-3.04020E-03
-397.00E-06,-76.00000E-03,-11.08040E-03
-396.00E-06,-76.00000E-03,-3.04020E-03
-395.00E-06,-76.00000E-03,-3.04020E-03
-394.00E-06,-76.00000E-03,-3.04020E-03
-393.00E-06,-76.00000E-03,-3.04020E-03
-392.00E-06,-76.00000E-03,-3.04020E-03
-391.00E-06,-76.00000E-03,-7.06030E-03
-390.00E-06,-15.69849E-03,-3.04020E-03
-389.00E-06,-76.00000E-03,-3.04020E-03
-388.00E-06,-15.69849E-03,-3.04020E-03
-387.00E-06,-35.79899E-03,-3.04020E-03
-386.00E-06,-76.00000E-03,+2.98995E-03
-385.00E-06,-76.00000E-03,-3.04020E-03
-384.00E-06,-76.00000E-03,-3.04020E-03
-383.00E-06,-35.79899E-03,-3.04020E-03
-382.00E-06,-15.69849E-03,+2.98995E-03
-381.00E-06,+4.40201E-03,-3.04020E-03
-380.00E-06,-55.89950E-03,+2.98995E-03
-379.00E-06,-76.00000E-03,+979.90E-06
-378.00E-06,-15.69849E-03,-3.04020E-03
-377.00E-06,-76.00000E-03,-3.04020E-03
-376.00E-06,-76.00000E-03,-3.04020E-03
-375.00E-06,-76.00000E-03,-3.04020E-03
-374.00E-06,-76.00000E-03,-9.07035E-03
-373.00E-06,-76.00000E-03,-3.04020E-03
-372.00E-06,-76.00000E-03,-3.04020E-03
-371.00E-06,-35.79899E-03,-3.04020E-03
-370.00E-06,-15.69849E-03,-3.04020E-03
-369.00E-06,-76.00000E-03,-3.04020E-03
-368.00E-06,-76.00000E-03,-3.04020E-03
-367.00E-06,-76.00000E-03,-3.04020E-03
-366.00E-06,-76.00000E-03,-3.04020E-03
-365.00E-06,-76.00000E-03,-3.04020E-03
-364.00E-06,-55.89950E-03,-1.03015E-03
-363.00E-06,-76.00000E-03,-3.04020E-03
-362.00E-06,-76.00000E-03,-3.04020E-03
-361.00E-06,-76.00000E-03,-3.04020E-03
-360.00E-06,-76.00000E-03,-3.04020E-03
-359.00E-06,-76.00000E-03,-3.04020E-03
-358.00E-06,-76.00000E-03,-3.04020E-03
-357.00E-06,-76.00000E-03,-3.04020E-03
-356.00E-06,-55.89950E-03,-1.03015E-03
-355.00E-06,-35.79899E-03,+979.90E-06
-354.00E-06,+4.40201E-03,-3.04020E-03
-353.00E-06,-76.00000E-03,-3.04020E-03
-352.00E-06,-15.69849E-03,-1.03015E-03
-351.00E-06,-76.00000E-03,+979.90E-06
-350.00E-06,-76.00000E-03,-3.04020E-03
-349.00E-06,-76.00000E-03,-3.04020E-03
-348.00E-06,-76.00000E-03,-3.04020E-03
-347.00E-06,-35.79899E-03,-3.04020E-03
-346.00E-06,-76.00000E-03,-1.03015E-03
-345.00E-06,-76.00000E-03,-3.04020E-03
-344.00E-06,-76.00000E-03,-3.04020E-03
-343.00E-06,-35.79899E-03,-3.04020E-03
-342.00E-06,-55.89950E-03,-3.04020E-03
-341.00E-06,-76.00000E-03,-3.04020E-03
-340.00E-06,-76.00000E-03,-9.07035E-03
-339.00E-06,+4.40201E-03,-3.04020E-03
-338.00E-06,-15.69849E-03,-3.04020E-03
-337.00E-06,-76.00000E-03,-3.04020E-03
-336.00E-06,-15.69849E-03,-3.04020E-03
-335.00E-06,-35.79899E-03,-3.04020E-03
-334.00E-06,-55.89950E-03,-3.04020E-03
-333.00E-06,-76.00000E-03,-3.04020E-03
-332.00E-06,-76.00000E-03,-9.07035E-03
-331.00E-06,-76.00000E-03,-3.04020E-03
-330.00E-06,-76.00000E-03,-3.04020E-03
-329.00E-06,+4.40201E-03,-3.04020E-03
-328.00E-06,-76.00000E-03,-3.04020E-03
-327.00E-06,-35.79899E-03,-3.04020E-03
-326.00E-06,-76.00000E-03,-3.04020E-03
-325.00E-06,-76.00000E-03,-3.04020E-03
-324.00E-06,-76.00000E-03,-3.04020E-03
-323.00E-06,-76.00000E-03,-3.04020E-03
-322.00E-06,-136.30150E-03,-3.04020E-03
-321.00E-06,-76.00000E-03,-3.04020E-03
-320.00E-06,-76.00000E-03,-3.04020E-03
-319.00E-06,-35.79899E-03,-3.04020E-03
-318.00E-06,-76.00000E-03,-3.04020E-03
-317.00E-06,-76.00000E-03,-3.04020E-03
-316.00E-06,-55.89950E-03,-3.04020E-03
-315.00E-06,-35.79899E-03,-3.04020E-03
-314.00E-06,-76.00000E-03,-3.04020E-03
-313.00E-06,-76.00000E-03,-3.04020E-03
-312.00E-06,-15.69849E-03,-3.04020E-03
-311.00E-06,-76.00000E-03,-3.04020E-03
-310.00E-06,-55.89950E-03,+2.98995E-03
-309.00E-06,+4.40201E-03,-3.04020E-03
-308.00E-06,-55.89950E-03,-3.04020E-03
-307.00E-06,-35.79899E-03,-7.06030E-03
-306.00E-06,-76.00000E-03,-3.04020E-03
-305.00E-06,-76.00000E-03,-3.04020E-03
-304.00E-06,+4.40201E-03,-3.04020E-03
-303.00E-06,-76.00000E-03,-3.04020E-03
-302.00E-06,-55.89950E-03,-5.05025E-03
-301.00E-06,-76.00000E-03,-3.04020E-03
-300.00E-06,-15.69849E-03,-3.04020E-03
-299.00E-06,-35.79899E-03,-3.04020E-03
-298.00E-06,-15.69849E-03,+2.98995E-03
-297.00E-06,-76.00000E-03,-3.04020E-03
-296.00E-06,-76.00000E-03,-3.04020E-03
-295.00E-06,-35.79899E-03,-3.04020E-03
-294.00E-06,-76.00000E-03,-3.04020E-03
-293.00E-06,-76.00000E-03,-3.04020E-03
-292.00E-06,-55.89950E-03,-5.05025E-03
-291.00E-06,-35.79899E-03,-3.04020E-03
-290.00E-06,-76.00000E-03,-3.04020E-03
-289.00E-06,-76.00000E-03,-11.08040E-03
-288.00E-06,-76.00000E-03,-3.04020E-03
-287.00E-06,-76.00000E-03,-3.04020E-03
-286.00E-06,-76.00000E-03,-3.04020E-03
-285.00E-06,+4.40201E-03,-3.04020E-03
-284.00E-06,-15.69849E-03,-3.04020E-03
-283.00E-06,-76.00000E-03,-7.06030E-03
-282.00E-06,-76.00000E-03,-3.04020E-03
-281.00E-06,+4.40201E-03,-3.04020E-03
-280.00E-06,-76.00000E-03,-3.04020E-03
-279.00E-06,-76.00000E-03,-3.04020E-03
-278.00E-06,-76.00000E-03,-3.04020E-03
-277.00E-06,-76.00000E-03,-3.04020E-03
-276.00E-06,-55.89950E-03,-3.04020E-03
-275.00E-06,-35.79899E-03,-7.06030E-03
-274.00E-06,-76.00000E-03,-3.04020E-03
-273.00E-06,-76.00000E-03,-11.08040E-03
-272.00E-06,-15.69849E-03,-5.05025E-03
-271.00E-06,-76.00000E-03,-3.04020E-03
-270.00E-06,-15.69849E-03,-3.04020E-03
-269.00E-06,-76.00000E-03,-3.04020E-03
-268.00E-06,-76.00000E-03,-3.04020E-03
-267.00E-06,-76.00000E-03,-3.04020E-03
-266.00E-06,-76.00000E-03,-3.04020E-03
-265.00E-06,+4.40201E-03,-3.04020E-03
-264.00E-06,-55.89950E-03,-3.04020E-03
-263.00E-06,-76.00000E-03,-3.04020E-03
-262.00E-06,-76.00000E-03,-3.04020E-03
-261.00E-06,-76.00000E-03,-3.04020E-03
-260.00E-06,-76.00000E-03,-3.04020E-03
-259.00E-06,-76.00000E-03,-3.04020E-03
-258.00E-06,-76.00000E-03,-3.04020E-03
-257.00E-06,-76.00000E-03,-3.04020E-03
-256.00E-06,-76.00000E-03,-3.04020E-03
-255.00E-06,-76.00000E-03,-3.04020E-03
-254.00E-06,-76.00000E-03,-3.04020E-03
-253.00E-06,-76.00000E-03,-3.04020E-03
-252.00E-06,-76.00000E-03,-3.04020E-03
-251.00E-06,-35.79899E-03,-3.04020E-03
-250.00E-06,-76.00000E-03,-9.07035E-03
-249.00E-06,+4.40201E-03,-3.04020E-03
-248.00E-06,-76.00000E-03,-3.04020E-03
-247.00E-06,-76.00000E-03,-3.04020E-03
-246.00E-06,-55.89950E-03,-3.04020E-03
-245.00E-06,-76.00000E-03,-3.04020E-03
-244.00E-06,-76.00000E-03,-3.04020E-03
-243.00E-06,-76.00000E-03,-3.04020E-03
-242.00E-06,-76.00000E-03,-3.04020E-03
-241.00E-06,-76.00000E-03,-3.04020E-03
-240.00E-06,-15.69849E-03,+2.98995E-03
-239.00E-06,-35.79899E-03,-3.04020E-03
-238.00E-06,+4.40201E-03,-3.04020E-03
-237.00E-06,-76.00000E-03,-3.04020E-03
-236.00E-06,-76.00000E-03,-3.04020E-03
-235.00E-06,-76.00000E-03,+979.90E-06
-234.00E-06,-76.00000E-03,-3.04020E-03
-233.00E-06,-76.00000E-03,-3.04020E-03
-232.00E-06,-55.89950E-03,-3.04020E-03
-231.00E-06,-76.00000E-03,-3.04020E-03
-230.00E-06,-76.00000E-03,-3.04020E-03
-229.00E-06,-76.00000E-03,+5.00000E-03
-228.00E-06,+4.40201E-03,-3.04020E-03
-227.00E-06,-76.00000E-03,-3.04020E-03
-226.00E-06,-76.00000E-03,-3.04020E-03
-225.00E-06,-76.00000E-03,-11.08040E-03
-224.00E-06,-15.69849E-03,-3.04020E-03
-223.00E-06,-35.79899E-03,-3.04020E-03
-222.00E-06,-55.89950E-03,-3.04020E-03
-221.00E-06,-76.00000E-03,-3.04020E-03
-220.00E-06,-76.00000E-03,-3.04020E-03
-219.00E-06,-76.00000E-03,-3.04020E-03
-218.00E-06,-76.00000E-03,-3.04020E-03
-217.00E-06,+4.40201E-03,-3.04020E-03
-216.00E-06,-15.69849E-03,-3.04020E-03
-215.00E-06,-76.00000E-03,-3.04020E-03
-214.00E-06,-55.89950E-03,-3.04020E-03
-213.00E-06,-76.00000E-03,-3.04020E-03
-212.00E-06,-55.89950E-03,-3.04020E-03
-211.00E-06,-35.79899E-03,-3.04020E-03
-210.00E-06,-76.00000E-03,-9.07035E-03
-209.00E-06,+4.40201E-03,+5.00000E-03
-208.00E-06,-76.00000E-03,-3.04020E-03
-207.00E-06,-76.00000E-03,-7.06030E-03
-206.00E-06,-76.00000E-03,-3.04020E-03
-205.00E-06,-76.00000E-03,-3.04020E-03
-204.00E-06,-55.89950E-03,+2.98995E-03
-203.00E-06,-76.00000E-03,-3.04020E-03
-202.00E-06,-15.69849E-03,-3.04020E-03
-201.00E-06,-76.00000E-03,+5.00000E-03
-200.00E-06,-76.00000E-03,-3.04020E-03
-199.00E-06,-35.79899E-03,-3.04020E-03
-198.00E-06,-76.00000E-03,-3.04020E-03
-197.00E-06,-76.00000E-03,+5.00000E-03
-196.00E-06,-76.00000E-03,-9.07035E-03
-195.00E-06,-35.79899E-03,-3.04020E-03
-194.00E-06,-76.00000E-03,-3.04020E-03
-193.00E-06,-76.00000E-03,-3.04020E-03
-192.00E-06,-76.00000E-03,-3.04020E-03
-191.00E-06,-35.79899E-03,-3.04020E-03
-190.00E-06,-15.69849E-03,-3.04020E-03
-189.00E-06,-76.00000E-03,-3.04020E-03
-188.00E-06,-76.00000E-03,-3.04020E-03
-187.00E-06,-76.00000E-03,-3.04020E-03
-186.00E-06,-76.00000E-03,-3.04020E-03
-185.00E-06,-76.00000E-03,-3.04020E-03
-184.00E-06,-76.00000E-03,-3.04020E-03
-183.00E-06,-35.79899E-03,-3.04020E-03
-182.00E-06,-76.00000E-03,-3.04020E-03
-181.00E-06,-76.00000E-03,-3.04020E-03
-180.00E-06,-15.69849E-03,-3.04020E-03
-179.00E-06,-76.00000E-03,-7.06030E-03
-178.00E-06,-15.69849E-03,-3.04020E-03
-177.00E-06,-76.00000E-03,-3.04020E-03
-176.00E-06,-76.00000E-03,-9.07035E-03
-175.00E-06,+4.40201E-03,-3.04020E-03
-174.00E-06,-76.00000E-03,-3.04020E-03
-173.00E-06,-76.00000E-03,-3.04020E-03
-172.00E-06,-76.00000E-03,-3.04020E-03
-171.00E-06,-76.00000E-03,-3.04020E-03
-170.00E-06,-15.69849E-03,-3.04020E-03
-169.00E-06,-76.00000E-03,-3.04020E-03
-168.00E-06,-76.00000E-03,-3.04020E-03
-167.00E-06,-35.79899E-03,-3.04020E-03
-166.00E-06,-76.00000E-03,-3.04020E-03
-165.00E-06,-76.00000E-03,-3.04020E-03
-164.00E-06,-76.00000E-03,-3.04020E-03
-163.00E-06,-76.00000E-03,-3.04020E-03
-162.00E-06,-76.00000E-03,-9.07035E-03
-161.00E-06,-76.00000E-03,-3.04020E-03
-160.00E-06,-76.00000E-03,-3.04020E-03
-159.00E-06,-76.00000E-03,-3.04020E-03
-158.00E-06,-76.00000E-03,-3.04020E-03
-157.00E-06,+4.40201E-03,-3.04020E-03
-156.00E-06,-76.00000E-03,-3.04020E-03
-155.00E-06,-76.00000E-03,-3.04020E-03
-154.00E-06,-15.69849E-03,-3.04020E-03
-153.00E-06,-76.00000E-03,-3.04020E-03
-152.00E-06,-15.69849E-03,-3.04020E-03
-151.00E-06,-76.00000E-03,-3.04020E-03
-150.00E-06,-76.00000E-03,-3.04020E-03
-149.00E-06,-76.00000E-03,-3.04020E-03
-148.00E-06,-76.00000E-03,-3.04020E-03
-147.00E-06,-76.00000E-03,-3.04020E-03
-146.00E-06,-76.00000E-03,-1.03015E-03
-145.00E-06,-76.00000E-03,-3.04020E-03
-144.00E-06,-76.00000E-03,-3.04020E-03
-143.00E-06,-76.00000E-03,-3.04020E-03
-142.00E-06,-76.00000E-03,-3.04020E-03
-141.00E-06,+4.40201E-03,-3.04020E-03
-140.00E-06,-76.00000E-03,-3.04020E-03
-139.00E-06,-76.00000E-03,-3.04020E-03
-138.00E-06,-15.69849E-03,-5.05025E-03
-137.00E-06,-76.00000E-03,-3.04020E-03
-136.00E-06,-76.00000E-03,-3.04020E-03
-135.00E-06,-76.00000E-03,-3.04020E-03
-134.00E-06,-76.00000E-03,-3.04020E-03
-133.00E-06,-76.00000E-03,-3.04020E-03
-132.00E-06,-76.00000E-03,-3.04020E-03
-131.00E-06,-35.79899E-03,-3.04020E-03
-130.00E-06,-76.00000E-03,-3.04020E-03
-129.00E-06,-76.00000E-03,-3.04020E-03
-128.00E-06,-76.00000E-03,-3.04020E-03
-127.00E-06,-76.00000E-03,-3.04020E-03
-126.00E-06,-76.00000E-03,-3.04020E-03
-125.00E-06,-76.00000E-03,-3.04020E-03
-124.00E-06,-15.69849E-03,-3.04020E-03
-123.00E-06,-76.00000E-03,-3.04020E-03
-122.00E-06,-76.00000E-03,-3.04020E-03
-121.00E-06,-76.00000E-03,-3.04020E-03
-120.00E-06,-76.00000E-03,-3.04020E-03
-119.00E-06,-76.00000E-03,+979.90E-06
-118.00E-06,-76.00000E-03,-3.04020E-03
-117.00E-06,-76.00000E-03,-3.04020E-03
-116.00E-06,-15.69849E-03,-3.04020E-03
-115.00E-06,-76.00000E-03,-7.06030E-03
-114.00E-06,-55.89950E-03,-3.04020E-03
-113.00E-06,-76.00000E-03,-3.04020E-03
-112.00E-06,-15.69849E-03,-3.04020E-03
-111.00E-06,-76.00000E-03,-3.04020E-03
-110.00E-06,-76.00000E-03,-3.04020E-03
-109.00E-06,+4.40201E-03,-3.04020E-03
-108.00E-06,-76.00000E-03,-3.04020E-03
-107.00E-06,-76.00000E-03,-3.04020E-03
-106.00E-06,-76.00000E-03,-3.04020E-03
-105.00E-06,-76.00000E-03,-3.04020E-03
-104.00E-06,+4.40201E-03,-5.05025E-03
-103.00E-06,-35.79899E-03,-3.04020E-03
-102.00E-06,-76.00000E-03,-3.04020E-03
-101.00E-06,-76.00000E-03,+5.00000E-03
-100.00E-06,-76.00000E-03,-3.04020E-03
-99.00E-06,-76.00000E-03,-3.04020E-03
-98.00E-06,-55.89950E-03,-3.04020E-03
-97.00E-06,-76.00000E-03,-3.04020E-03
-96.00E-06,-55.89950E-03,-3.04020E-03
-95.00E-06,-76.00000E-03,-3.04020E-03
-94.00E-06,-76.00000E-03,-3.04020E-03
-93.00E-06,-76.00000E-03,-3.04020E-03
-92.00E-06,-76.00000E-03,-3.04020E-03
-91.00E-06,-35.79899E-03,-3.04020E-03
-90.00E-06,-76.00000E-03,-3.04020E-03
-89.00E-06,-76.00000E-03,+5.00000E-03
-88.00E-06,-55.89950E-03,-3.04020E-03
-87.00E-06,-76.00000E-03,-3.04020E-03
-86.00E-06,-55.89950E-03,-3.04020E-03
-85.00E-06,-76.00000E-03,-3.04020E-03
-84.00E-06,-76.00000E-03,-3.04020E-03
-83.00E-06,-76.00000E-03,-3.04020E-03
-82.00E-06,-76.00000E-03,-3.04020E-03
-81.00E-06,-76.00000E-03,-3.04020E-03
-80.00E-06,-55.89950E-03,-3.04020E-03
-79.00E-06,+4.40201E-03,-3.04020E-03
-78.00E-06,+4.40201E-03,-3.04020E-03
-77.00E-06,-76.00000E-03,-3.04020E-03
-76.00E-06,-76.00000E-03,-3.04020E-03
-75.00E-06,-76.00000E-03,-7.06030E-03
-74.00E-06,-15.69849E-03,-3.04020E-03
-73.00E-06,-76.00000E-03,-3.04020E-03
-72.00E-06,-76.00000E-03,-3.04020E-03
-71.00E-06,-76.00000E-03,-3.04020E-03
-70.00E-06,-76.00000E-03,-3.04020E-03
-69.00E-06,-76.00000E-03,-3.04020E-03
-68.00E-06,-76.00000E-03,-3.04020E-03
-67.00E-06,-76.00000E-03,+979.90E-06
-66.00E-06,-76.00000E-03,-3.04020E-03
-65.00E-06,+4.40201E-03,-3.04020E-03
-64.00E-06,-15.69849E-03,-3.04020E-03
-63.00E-06,-35.79899E-03,-3.04020E-03
-62.00E-06,-76.00000E-03,-3.04020E-03
-61.00E-06,-76.00000E-03,+5.00000E-03
-60.00E-06,-76.00000E-03,-3.04020E-03
-59.00E-06,-76.00000E-03,-3.04020E-03
-58.00E-06,-76.00000E-03,-3.04020E-03
-57.00E-06,-76.00000E-03,-3.04020E-03
-56.00E-06,-76.00000E-03,+2.98995E-03
-55.00E-06,-35.79899E-03,-3.04020E-03
-54.00E-06,-76.00000E-03,-1.03015E-03
-53.00E-06,-76.00000E-03,-3.04020E-03
-52.00E-06,-55.89950E-03,-3.04020E-03
-51.00E-06,+4.40201E-03,-3.04020E-03
-50.00E-06,-76.00000E-03,-3.04020E-03
-49.00E-06,-76.00000E-03,-3.04020E-03
-48.00E-06,-76.00000E-03,-3.04020E-03
-47.00E-06,-35.79899E-03,-3.04020E-03
-46.00E-06,-76.00000E-03,-3.04020E-03
-45.00E-06,-76.00000E-03,-3.04020E-03
-44.00E-06,+4.40201E-03,-9.07035E-03
-43.00E-06,-76.00000E-03,+979.90E-06
-42.00E-06,-55.89950E-03,-3.04020E-03
-41.00E-06,-76.00000E-03,-3.04020E-03
-40.00E-06,-76.00000E-03,-3.04020E-03
-39.00E-06,-35.79899E-03,-3.04020E-03
-38.00E-06,+4.40201E-03,-3.04020E-03
-37.00E-06,-76.00000E-03,-3.04020E-03
-36.00E-06,-76.00000E-03,-3.04020E-03
-35.00E-06,-76.00000E-03,-3.04020E-03
-34.00E-06,-76.00000E-03,-3.04020E-03
-33.00E-06,+4.40201E-03,-3.04020E-03
-32.00E-06,-15.69849E-03,-3.04020E-03
-31.00E-06,-76.00000E-03,-3.04020E-03
-30.00E-06,-76.00000E-03,-3.04020E-03
-29.00E-06,-76.00000E-03,-3.04020E-03
-28.00E-06,-15.69849E-03,-3.04020E-03
-27.00E-06,-76.00000E-03,-3.04020E-03
-26.00E-06,-76.00000E-03,-3.04020E-03
-25.00E-06,-76.00000E-03,+5.00000E-03
-24.00E-06,-76.00000E-03,-3.04020E-03
-23.00E-06,-35.79899E-03,-3.04020E-03
-22.00E-06,-76.00000E-03,-3.04020E-03
-21.00E-06,-76.00000E-03,-3.04020E-03
-20.00E-06,-55.89950E-03,-3.04020E-03
-19.00E-06,-35.79899E-03,+979.90E-06
-18.00E-06,-76.00000E-03,-3.04020E-03
-17.00E-06,-76.00000E-03,-3.04020E-03
-16.00E-06,-55.89950E-03,-3.04020E-03
-15.00E-06,-76.00000E-03,-7.06030E-03
-14.00E-06,-76.00000E-03,-3.04020E-03
-13.00E-06,-76.00000E-03,-3.04020E-03
-12.00E-06,-76.00000E-03,-3.04020E-03
-11.00E-06,+4.40201E-03,-3.04020E-03
-10.00E-06,-76.00000E-03,-3.04020E-03
-9.00E-06,-76.00000E-03,-3.04020E-03
-8.00E-06,-76.00000E-03,-3.04020E-03
-7.00E-06,-76.00000E-03,+979.90E-06
-6.00E-06,+4.40201E-03,-3.04020E-03
-5.00E-06,-76.00000E-03,-3.04020E-03
-4.00E-06,-76.00000E-03,-3.04020E-03
-3.00E-06,-76.00000E-03,-3.04020E-03
-2.00E-06,-76.00000E-03,-3.04020E-03
-1.00E-06,-76.00000E-03,-3.04020E-03
+0.0E+00,+165.20603E-03,-1.03015E-03
+1.00E-06,+808.42210E-03,+979.90E-06
+2.00E-06,+1.37123617E+00,+13.04020E-03
+3.00E-06,+2.01445224E+00,+37.16080E-03
+4.00E-06,+2.57726631E+00,+53.24121E-03
+5.00E-06,+3.09987937E+00,+85.40201E-03
+6.00E-06,+3.54209042E+00,+117.56281E-03
+7.00E-06,+3.94410046E+00,+157.76382E-03
+8.00E-06,+4.28580900E+00,+197.96482E-03
+9.00E-06,+4.58731654E+00,+246.20603E-03
+10.00E-06,+4.74812055E+00,+294.44723E-03
+11.00E-06,+4.90892457E+00,+334.64824E-03
+12.00E-06,+4.98932658E+00,+382.88944E-03
+13.00E-06,+4.90892457E+00,+431.13065E-03
+14.00E-06,+4.82852256E+00,+477.36180E-03
+15.00E-06,+4.66771854E+00,+519.57286E-03
+16.00E-06,+4.34611051E+00,+553.74371E-03
+17.00E-06,+4.06470348E+00,+595.95477E-03
+18.00E-06,+3.70289443E+00,+626.10552E-03
+19.00E-06,+3.22048238E+00,+648.21607E-03
+20.00E-06,+2.73807032E+00,+674.34673E-03
+21.00E-06,+2.17525626E+00,+692.43718E-03
+22.00E-06,+1.61244220E+00,+702.48743E-03
+23.00E-06,+969.22612E-03,+704.49748E-03
+24.00E-06,+406.41206E-03,+704.49748E-03
+25.00E-06,-236.80402E-03,+700.47738E-03
+26.00E-06,-940.32160E-03,+688.41708E-03
+27.00E-06,-1.52323616E+00,+672.33668E-03
+28.00E-06,-2.08605023E+00,+646.20602E-03
+29.00E-06,-2.64886429E+00,+612.03517E-03
+30.00E-06,-3.21167836E+00,+575.85427E-03
+31.00E-06,-3.69409041E+00,+535.65326E-03
+32.00E-06,-4.01569845E+00,+493.44221E-03
+33.00E-06,-4.41770849E+00,+443.19095E-03
+34.00E-06,-4.65891452E+00,+396.95979E-03
+35.00E-06,-4.90012055E+00,+342.68844E-03
+36.00E-06,-5.04082406E+00,+292.43718E-03
+37.00E-06,-5.06092457E+00,+234.14573E-03
+38.00E-06,-5.06092457E+00,+181.88442E-03
+39.00E-06,-4.90012055E+00,+125.60301E-03
+40.00E-06,-4.79961804E+00,+77.36181E-03
+41.00E-06,-4.49811050E+00,+33.14070E-03
+42.00E-06,-4.17650247E+00,-11.08040E-03
+43.00E-06,-3.77449242E+00,-51.28141E-03
+44.00E-06,-3.29208037E+00,-85.45226E-03
+45.00E-06,-2.80966831E+00,-111.58291E-03
+46.00E-06,-2.24685425E+00,-133.69347E-03
+47.00E-06,-1.68404018E+00,-147.76382E-03
+48.00E-06,-1.04082411E+00,-163.84422E-03
+49.00E-06,-397.60803E-03,-163.84422E-03
+50.00E-06,+165.20603E-03,-163.84422E-03
+51.00E-06,+808.42210E-03,-155.80402E-03
+52.00E-06,+1.43153767E+00,-145.75377E-03
+53.00E-06,+2.01445224E+00,-123.64321E-03
+54.00E-06,+2.57726631E+00,-93.49246E-03
+55.00E-06,+3.14008037E+00,-59.32161E-03
+56.00E-06,+3.56219092E+00,-27.16080E-03
+57.00E-06,+3.98430147E+00,+9.02010E-03
+58.00E-06,+4.32601001E+00,+51.23116E-03
+59.00E-06,+4.50691453E+00,+93.44221E-03
+60.00E-06,+4.80842206E+00,+141.68342E-03
+61.00E-06,+4.90892457E+00,+193.94472E-03
+62.00E-06,+4.90892457E+00,+240.17588E-03
+63.00E-06,+4.90892457E+00,+286.40703E-03
+64.00E-06,+4.82852256E+00,+334.64824E-03
+65.00E-06,+4.62751754E+00,+378.86934E-03
+66.00E-06,+4.42651252E+00,+423.09045E-03
+67.00E-06,+4.02450247E+00,+455.25125E-03
+68.00E-06,+3.62249243E+00,+495.45226E-03
+69.00E-06,+3.22048238E+00,+523.59296E-03
+70.00E-06,+2.73807032E+00,+545.70351E-03
+71.00E-06,+2.17525626E+00,+567.81406E-03
+72.00E-06,+1.59234169E+00,+577.86432E-03
+73.00E-06,+969.22612E-03,+583.89447E-03
+74.00E-06,+406.41206E-03,+589.92462E-03
+75.00E-06,-317.20603E-03,+575.85427E-03
+76.00E-06,-880.02009E-03,+567.81406E-03
+77.00E-06,-1.52323616E+00,+543.69346E-03
+78.00E-06,-2.14635173E+00,+521.58291E-03
+79.00E-06,-2.64886429E+00,+495.45226E-03
+80.00E-06,-3.21167836E+00,+463.29145E-03
+81.00E-06,-3.65388941E+00,+419.07035E-03
+82.00E-06,-4.03579895E+00,+374.84924E-03
+83.00E-06,-4.41770849E+00,+334.64824E-03
+84.00E-06,-4.65891452E+00,+286.40703E-03
+85.00E-06,-4.90012055E+00,+230.12563E-03
+86.00E-06,-4.98052256E+00,+175.85427E-03
+87.00E-06,-5.06092457E+00,+125.60301E-03
+88.00E-06,-5.06092457E+00,+69.32161E-03
+89.00E-06,-4.94032155E+00,+21.08040E-03
+90.00E-06,-4.73931653E+00,-27.16080E-03
+91.00E-06,-4.49811050E+00,-67.36181E-03
+92.00E-06,-4.17650247E+00,-115.60301E-03
+93.00E-06,-3.73429142E+00,-147.76382E-03
+94.00E-06,-3.29208037E+00,-181.93467E-03
+95.00E-06,-2.80966831E+00,-220.12563E-03
+96.00E-06,-2.24685425E+00,-236.20603E-03
+97.00E-06,-1.68404018E+00,-252.28643E-03
+98.00E-06,-1.12122612E+00,-266.35678E-03
+99.00E-06,-478.01004E-03,-268.36683E-03
+100.00E-06,+165.20603E-03,-260.32663E-03
+101.00E-06,+808.42210E-03,-252.28643E-03
+102.00E-06,+1.37123617E+00,-242.23618E-03
+103.00E-06,+2.01445224E+00,-212.08542E-03
+104.00E-06,+2.51696480E+00,-187.96482E-03
+105.00E-06,+3.05967836E+00,-155.80402E-03
+106.00E-06,+3.54209042E+00,-117.61306E-03
+107.00E-06,+3.94410046E+00,-83.44221E-03
+108.00E-06,+4.28580900E+00,-35.20100E-03
+109.00E-06,+4.58731654E+00,+9.02010E-03
+110.00E-06,+4.74812055E+00,+59.27136E-03
+111.00E-06,+4.90892457E+00,+109.52261E-03
+112.00E-06,+4.98932658E+00,+157.76382E-03
+113.00E-06,+4.90892457E+00,+206.00502E-03
+114.00E-06,+4.82852256E+00,+254.24623E-03
+115.00E-06,+4.58731654E+00,+294.44723E-03
+116.00E-06,+4.40641201E+00,+342.68844E-03
+117.00E-06,+4.06470348E+00,+378.86934E-03
+118.00E-06,+3.64259293E+00,+415.05025E-03
+119.00E-06,+3.22048238E+00,+447.21105E-03
+120.00E-06,+2.71796982E+00,+471.33165E-03
+121.00E-06,+2.17525626E+00,+491.43216E-03
+122.00E-06,+1.55214069E+00,+503.49246E-03
+123.00E-06,+969.22612E-03,+511.53266E-03
+124.00E-06,+386.31156E-03,+511.53266E-03
+125.00E-06,-277.00502E-03,+511.53266E-03
+126.00E-06,-880.02009E-03,+495.45226E-03
+127.00E-06,-1.52323616E+00,+479.37185E-03
+128.00E-06,-2.08605023E+00,+449.22110E-03
+129.00E-06,-2.64886429E+00,+423.09045E-03
+130.00E-06,-3.19157785E+00,+390.92964E-03
+131.00E-06,-3.61368840E+00,+350.72864E-03
+132.00E-06,-4.09610046E+00,+304.49748E-03
+133.00E-06,-4.41770849E+00,+262.28643E-03
+134.00E-06,-4.65891452E+00,+214.04522E-03
+135.00E-06,-4.90012055E+00,+165.80402E-03
+136.00E-06,-4.98052256E+00,+109.52261E-03
+137.00E-06,-5.10112557E+00,+61.28141E-03
+138.00E-06,-5.04082407E+00,+7.01005E-03
+139.00E-06,-4.90012055E+00,-43.24121E-03
+140.00E-06,-4.73931653E+00,-89.47236E-03
+141.00E-06,-4.49811050E+00,-131.68342E-03
+142.00E-06,-4.17650247E+00,-179.92462E-03
+143.00E-06,-3.77449242E+00,-212.08542E-03
+144.00E-06,-3.29208037E+00,-244.24623E-03
+145.00E-06,-2.80966831E+00,-276.40703E-03
+146.00E-06,-2.24685425E+00,-292.48743E-03
+147.00E-06,-1.68404018E+00,-308.56784E-03
+148.00E-06,-1.04082411E+00,-322.63819E-03
+149.00E-06,-437.80904E-03,-316.60804E-03
+150.00E-06,+165.20603E-03,-316.60804E-03
+151.00E-06,+808.42210E-03,-308.56784E-03
+152.00E-06,+1.45163818E+00,-292.48743E-03
+153.00E-06,+2.01445224E+00,-268.36683E-03
+154.00E-06,+2.57726631E+00,-244.24623E-03
+155.00E-06,+3.05967836E+00,-212.08542E-03
+156.00E-06,+3.54209042E+00,-171.88442E-03
+157.00E-06,+3.94410046E+00,-127.66332E-03
+158.00E-06,+4.32601001E+00,-85.45226E-03
+159.00E-06,+4.58731654E+00,-43.24121E-03
+160.00E-06,+4.82852256E+00,+5.00000E-03
+161.00E-06,+4.90892457E+00,+53.24121E-03
+162.00E-06,+4.92902507E+00,+101.48241E-03
+163.00E-06,+4.90892457E+00,+149.72362E-03
+164.00E-06,+4.82852256E+00,+206.00502E-03
+165.00E-06,+4.62751754E+00,+250.22613E-03
+166.00E-06,+4.34611051E+00,+294.44723E-03
+167.00E-06,+4.02450247E+00,+334.64824E-03
+168.00E-06,+3.62249243E+00,+366.80904E-03
+169.00E-06,+3.22048238E+00,+398.96984E-03
+170.00E-06,+2.71796982E+00,+429.12060E-03
+171.00E-06,+2.17525626E+00,+439.17085E-03
+172.00E-06,+1.53204019E+00,+461.28140E-03
+173.00E-06,+969.22612E-03,+467.31155E-03
+174.00E-06,+346.11055E-03,+469.32160E-03
+175.00E-06,-317.20603E-03,+463.29145E-03
+176.00E-06,-880.02009E-03,+449.22110E-03
+177.00E-06,-1.52323616E+00,+435.15075E-03
+178.00E-06,-2.08605023E+00,+413.04020E-03
+179.00E-06,-2.64886429E+00,+382.88944E-03
+180.00E-06,-3.15137685E+00,+350.72864E-03
+181.00E-06,-3.65388941E+00,+310.52763E-03
+182.00E-06,-4.03579895E+00,+270.32663E-03
+183.00E-06,-4.41770849E+00,+222.08542E-03
+184.00E-06,-4.67901502E+00,+173.84422E-03
+185.00E-06,-4.90012055E+00,+125.60301E-03
+186.00E-06,-5.04082407E+00,+69.32161E-03
+187.00E-06,-5.06092457E+00,+21.08040E-03
+188.00E-06,-5.06092457E+00,-27.16080E-03
+189.00E-06,-4.90012055E+00,-83.44221E-03
+190.00E-06,-4.73931653E+00,-129.67337E-03
+191.00E-06,-4.49811050E+00,-171.88442E-03
+192.00E-06,-4.17650247E+00,-212.08542E-03
+193.00E-06,-3.77449242E+00,-248.26633E-03
+194.00E-06,-3.29208037E+00,-284.44723E-03
+195.00E-06,-2.80966831E+00,-308.56784E-03
+196.00E-06,-2.24685425E+00,-332.68844E-03
+197.00E-06,-1.68404018E+00,-344.74874E-03
+198.00E-06,-1.06092461E+00,-354.79899E-03
+199.00E-06,-397.60803E-03,-356.80904E-03
+200.00E-06,+165.20603E-03,-348.76884E-03
+201.00E-06,+808.42210E-03,-340.72864E-03
+202.00E-06,+1.45163818E+00,-324.64824E-03
+203.00E-06,+2.01445224E+00,-308.56784E-03
+204.00E-06,+2.57726631E+00,-276.40703E-03
+205.00E-06,+3.01947736E+00,-244.24623E-03
+206.00E-06,+3.54209042E+00,-204.04522E-03
+207.00E-06,+3.94410046E+00,-163.84422E-03
+208.00E-06,+4.28580900E+00,-121.63316E-03
+209.00E-06,+4.58731654E+00,-75.40201E-03
+210.00E-06,+4.74812055E+00,-21.13065E-03
+211.00E-06,+4.90892457E+00,+21.08040E-03
+212.00E-06,+4.92902507E+00,+71.33166E-03
+213.00E-06,+4.90892457E+00,+125.60301E-03
+214.00E-06,+4.82852256E+00,+173.84422E-03
+215.00E-06,+4.58731654E+00,+222.08542E-03
+216.00E-06,+4.34611051E+00,+262.28643E-03
+217.00E-06,+4.06470348E+00,+302.48743E-03
+218.00E-06,+3.64259293E+00,+342.68844E-03
+219.00E-06,+3.22048238E+00,+366.80904E-03
+220.00E-06,+2.73807032E+00,+392.93969E-03
+221.00E-06,+2.17525626E+00,+419.07035E-03
+222.00E-06,+1.55214069E+00,+431.13065E-03
+223.00E-06,+969.22612E-03,+439.17085E-03
+224.00E-06,+326.01005E-03,+439.17085E-03
+225.00E-06,-317.20603E-03,+431.13065E-03
+226.00E-06,-880.02009E-03,+423.09045E-03
+227.00E-06,-1.52323616E+00,+407.01005E-03
+228.00E-06,-2.08605023E+00,+384.89949E-03
+229.00E-06,-2.64886429E+00,+354.74874E-03
+230.00E-06,-3.19157785E+00,+324.59799E-03
+231.00E-06,-3.61368840E+00,+286.40703E-03
+232.00E-06,-4.09610046E+00,+240.17588E-03
+233.00E-06,-4.41770849E+00,+197.96482E-03
+234.00E-06,-4.65891452E+00,+149.72362E-03
+235.00E-06,-4.90012055E+00,+101.48241E-03
+236.00E-06,-4.98052256E+00,+45.20100E-03
+237.00E-06,-5.10112557E+00,-3.04020E-03
+238.00E-06,-5.06092457E+00,-57.31156E-03
+239.00E-06,-4.90012055E+00,-99.52261E-03
+240.00E-06,-4.79961804E+00,-147.76382E-03
+241.00E-06,-4.45790950E+00,-191.98492E-03
+242.00E-06,-4.15640196E+00,-234.19598E-03
+243.00E-06,-3.77449242E+00,-260.32663E-03
+244.00E-06,-3.35238187E+00,-302.53769E-03
+245.00E-06,-2.80966831E+00,-332.68844E-03
+246.00E-06,-2.26695475E+00,-348.76884E-03
+247.00E-06,-1.68404018E+00,-364.84924E-03
+248.00E-06,-1.04082411E+00,-372.88944E-03
+249.00E-06,-478.01004E-03,-380.92964E-03
+250.00E-06,+165.20603E-03,-372.88944E-03
+251.00E-06,+808.42210E-03,-356.80904E-03
+252.00E-06,+1.39133667E+00,-340.72864E-03
+253.00E-06,+1.97425124E+00,-324.64824E-03
+254.00E-06,+2.57726631E+00,-294.49748E-03
+255.00E-06,+3.05967836E+00,-260.32663E-03
+256.00E-06,+3.54209042E+00,-228.16583E-03
+257.00E-06,+3.94410046E+00,-179.92462E-03
+258.00E-06,+4.26570850E+00,-139.72362E-03
+259.00E-06,+4.58731654E+00,-91.48241E-03
+260.00E-06,+4.80842206E+00,-41.23116E-03
+261.00E-06,+4.86872357E+00,+9.02010E-03
+262.00E-06,+4.96922608E+00,+53.24121E-03
+263.00E-06,+4.98932658E+00,+109.52261E-03
+264.00E-06,+4.82852256E+00,+157.76382E-03
+265.00E-06,+4.62751754E+00,+197.96482E-03
+266.00E-06,+4.42651252E+00,+246.20603E-03
+267.00E-06,+4.10490448E+00,+286.40703E-03
+268.00E-06,+3.62249243E+00,+318.56784E-03
+269.00E-06,+3.22048238E+00,+354.74874E-03
+270.00E-06,+2.73807032E+00,+382.88944E-03
+271.00E-06,+2.17525626E+00,+398.96984E-03
+272.00E-06,+1.61244220E+00,+415.05025E-03
+273.00E-06,+969.22612E-03,+419.07035E-03
+274.00E-06,+346.11055E-03,+423.09045E-03
+275.00E-06,-317.20603E-03,+423.09045E-03
+276.00E-06,-880.02009E-03,+415.05025E-03
+277.00E-06,-1.52323616E+00,+394.94974E-03
+278.00E-06,-2.08605023E+00,+366.80904E-03
+279.00E-06,-2.64886429E+00,+342.68844E-03
+280.00E-06,-3.15137685E+00,+310.52763E-03
+281.00E-06,-3.65388941E+00,+274.34673E-03
+282.00E-06,-4.07599995E+00,+230.12563E-03
+283.00E-06,-4.41770849E+00,+181.88442E-03
+284.00E-06,-4.71921603E+00,+133.64321E-03
+285.00E-06,-4.90012055E+00,+85.40201E-03
+286.00E-06,-5.04082407E+00,+37.16080E-03
+287.00E-06,-5.14132658E+00,-19.12060E-03
+288.00E-06,-5.06092457E+00,-67.36181E-03
+289.00E-06,-4.94032155E+00,-115.60301E-03
+290.00E-06,-4.73931653E+00,-161.83417E-03
+291.00E-06,-4.49811050E+00,-212.08542E-03
+292.00E-06,-4.17650247E+00,-250.27638E-03
+293.00E-06,-3.77449242E+00,-284.44723E-03
+294.00E-06,-3.29208037E+00,-310.57789E-03
+295.00E-06,-2.80966831E+00,-340.72864E-03
+296.00E-06,-2.24685425E+00,-366.85929E-03
+297.00E-06,-1.68404018E+00,-380.92964E-03
+298.00E-06,-1.10112561E+00,-382.93969E-03
+299.00E-06,-397.60803E-03,-388.96985E-03
+300.00E-06,+165.20603E-03,-386.95979E-03
+301.00E-06,+768.22110E-03,-372.88944E-03
+302.00E-06,+1.37123617E+00,-358.81909E-03
+303.00E-06,+2.01445224E+00,-340.72864E-03
+304.00E-06,+2.55716580E+00,-308.56784E-03
+305.00E-06,+3.05967836E+00,-268.36683E-03
+306.00E-06,+3.54209042E+00,-244.24623E-03
+307.00E-06,+3.94410046E+00,-196.00502E-03
+308.00E-06,+4.32601001E+00,-147.76382E-03
+309.00E-06,+4.58731654E+00,-99.52261E-03
+310.00E-06,+4.80842206E+00,-51.28141E-03
+311.00E-06,+4.90892457E+00,-3.04020E-03
+312.00E-06,+4.96922608E+00,+45.20100E-03
+313.00E-06,+4.90892457E+00,+101.48241E-03
+314.00E-06,+4.82852256E+00,+147.71357E-03
+315.00E-06,+4.66771854E+00,+189.92462E-03
+316.00E-06,+4.34611051E+00,+238.16583E-03
+317.00E-06,+4.02450247E+00,+278.36683E-03
+318.00E-06,+3.62249243E+00,+310.52763E-03
+319.00E-06,+3.22048238E+00,+342.68844E-03
+320.00E-06,+2.73807032E+00,+366.80904E-03
+321.00E-06,+2.17525626E+00,+390.92964E-03
+322.00E-06,+1.53204019E+00,+407.01005E-03
+323.00E-06,+969.22612E-03,+415.05025E-03
+324.00E-06,+386.31156E-03,+415.05025E-03
+325.00E-06,-317.20603E-03,+411.03015E-03
+326.00E-06,-880.02009E-03,+398.96984E-03
+327.00E-06,-1.44283415E+00,+382.88944E-03
+328.00E-06,-2.10615073E+00,+358.76884E-03
+329.00E-06,-2.64886429E+00,+330.62814E-03
+330.00E-06,-3.15137685E+00,+300.47738E-03
+331.00E-06,-3.61368840E+00,+262.28643E-03
+332.00E-06,-4.07599995E+00,+214.04522E-03
+333.00E-06,-4.41770849E+00,+173.84422E-03
+334.00E-06,-4.71921603E+00,+127.61306E-03
+335.00E-06,-4.90012055E+00,+77.36181E-03
+336.00E-06,-5.00062306E+00,+21.08040E-03
+337.00E-06,-5.06092457E+00,-23.14070E-03
+338.00E-06,-5.06092457E+00,-75.40201E-03
+339.00E-06,-4.90012055E+00,-123.64321E-03
+340.00E-06,-4.73931653E+00,-171.88442E-03
+341.00E-06,-4.49811050E+00,-220.12563E-03
+342.00E-06,-4.17650247E+00,-260.32663E-03
+343.00E-06,-3.77449242E+00,-292.48743E-03
+344.00E-06,-3.31218087E+00,-318.61809E-03
+345.00E-06,-2.80966831E+00,-348.76884E-03
+346.00E-06,-2.24685425E+00,-372.88944E-03
+347.00E-06,-1.68404018E+00,-388.96985E-03
+348.00E-06,-1.06092461E+00,-395.00000E-03
+349.00E-06,-397.60803E-03,-397.01005E-03
+350.00E-06,+165.20603E-03,-397.01005E-03
+351.00E-06,+808.42210E-03,-380.92964E-03
+352.00E-06,+1.37123617E+00,-364.84924E-03
+353.00E-06,+2.01445224E+00,-340.72864E-03
+354.00E-06,+2.55716580E+00,-310.57789E-03
+355.00E-06,+3.05967836E+00,-284.44723E-03
+356.00E-06,+3.54209042E+00,-244.24623E-03
+357.00E-06,+3.94410046E+00,-204.04522E-03
+358.00E-06,+4.28580900E+00,-161.83417E-03
+359.00E-06,+4.58731654E+00,-107.56281E-03
+360.00E-06,+4.74812055E+00,-59.32161E-03
+361.00E-06,+4.90892457E+00,-11.08040E-03
+362.00E-06,+4.90892457E+00,+37.16080E-03
+363.00E-06,+4.90892457E+00,+85.40201E-03
+364.00E-06,+4.76822106E+00,+141.68342E-03
+365.00E-06,+4.66771854E+00,+185.90452E-03
+366.00E-06,+4.34611051E+00,+230.12563E-03
+367.00E-06,+4.02450247E+00,+270.32663E-03
+368.00E-06,+3.68279393E+00,+310.52763E-03
+369.00E-06,+3.22048238E+00,+334.64824E-03
+370.00E-06,+2.73807032E+00,+366.80904E-03
+371.00E-06,+2.17525626E+00,+382.88944E-03
+372.00E-06,+1.59234169E+00,+396.95979E-03
+373.00E-06,+969.22612E-03,+407.01005E-03
+374.00E-06,+386.31156E-03,+407.01005E-03
+375.00E-06,-317.20603E-03,+398.96984E-03
+376.00E-06,-900.12059E-03,+390.92964E-03
+377.00E-06,-1.48303516E+00,+374.84924E-03
+378.00E-06,-2.08605023E+00,+350.72864E-03
+379.00E-06,-2.64886429E+00,+326.60804E-03
+380.00E-06,-3.21167836E+00,+286.40703E-03
+381.00E-06,-3.65388941E+00,+254.24623E-03
+382.00E-06,-4.07599995E+00,+214.04522E-03
+383.00E-06,-4.41770849E+00,+165.80402E-03
+384.00E-06,-4.73931653E+00,+117.56281E-03
+385.00E-06,-4.90012055E+00,+73.34171E-03
+386.00E-06,-5.04082407E+00,+15.05025E-03
+387.00E-06,-5.06092457E+00,-35.20100E-03
+388.00E-06,-5.06092457E+00,-77.41206E-03
+389.00E-06,-4.98052256E+00,-131.68342E-03
+390.00E-06,-4.73931653E+00,-177.91457E-03
+391.00E-06,-4.49811050E+00,-220.12563E-03
+392.00E-06,-4.17650247E+00,-262.33668E-03
+393.00E-06,-3.73429142E+00,-296.50753E-03
+394.00E-06,-3.29208037E+00,-330.67839E-03
+395.00E-06,-2.80966831E+00,-356.80904E-03
+396.00E-06,-2.22675374E+00,-378.91959E-03
+397.00E-06,-1.68404018E+00,-388.96985E-03
+398.00E-06,-1.12122612E+00,-403.04020E-03
+399.00E-06,-397.60803E-03,-405.05025E-03
+400.00E-06,+185.30653E-03,-397.01005E-03
+401.00E-06,+808.42210E-03,-388.96985E-03
+402.00E-06,+1.37123617E+00,-372.88944E-03
+403.00E-06,+2.01445224E+00,-348.76884E-03
+404.00E-06,+2.57726631E+00,-324.64824E-03
+405.00E-06,+3.05967836E+00,-284.44723E-03
+406.00E-06,+3.54209042E+00,-252.28643E-03
+407.00E-06,+3.94410046E+00,-204.04522E-03
+408.00E-06,+4.28580900E+00,-163.84422E-03
+409.00E-06,+4.58731654E+00,-115.60301E-03
+410.00E-06,+4.80842206E+00,-67.36181E-03
+411.00E-06,+4.90892457E+00,-11.08040E-03
+412.00E-06,+4.98932658E+00,+37.16080E-03
+413.00E-06,+4.90892457E+00,+89.42211E-03
+414.00E-06,+4.82852256E+00,+133.64321E-03
+415.00E-06,+4.66771854E+00,+181.88442E-03
+416.00E-06,+4.40641201E+00,+224.09547E-03
+417.00E-06,+4.02450247E+00,+266.30653E-03
+418.00E-06,+3.68279393E+00,+302.48743E-03
+419.00E-06,+3.22048238E+00,+326.60804E-03
+420.00E-06,+2.73807032E+00,+358.76884E-03
+421.00E-06,+2.17525626E+00,+378.86934E-03
+422.00E-06,+1.59234169E+00,+396.95979E-03
+423.00E-06,+969.22612E-03,+407.01005E-03
+424.00E-06,+326.01005E-03,+407.01005E-03
+425.00E-06,-277.00502E-03,+398.96984E-03
+426.00E-06,-880.02009E-03,+388.91959E-03
+427.00E-06,-1.44283415E+00,+374.84924E-03
+428.00E-06,-2.10615073E+00,+350.72864E-03
+429.00E-06,-2.64886429E+00,+322.58794E-03
+430.00E-06,-3.19157785E+00,+294.44723E-03
+431.00E-06,-3.69409041E+00,+254.24623E-03
+432.00E-06,-4.07599995E+00,+208.01507E-03
+433.00E-06,-4.41770849E+00,+165.80402E-03
+434.00E-06,-4.71921603E+00,+111.53266E-03
+435.00E-06,-4.90012055E+00,+61.28141E-03
+436.00E-06,-5.04082406E+00,+13.04020E-03
+437.00E-06,-5.06092457E+00,-31.18090E-03
+438.00E-06,-5.06092457E+00,-83.44221E-03
+439.00E-06,-4.90012055E+00,-131.68342E-03
+440.00E-06,-4.79961804E+00,-179.92462E-03
+441.00E-06,-4.49811050E+00,-224.14573E-03
+442.00E-06,-4.15640196E+00,-260.32663E-03
+443.00E-06,-3.77449242E+00,-300.52764E-03
+444.00E-06,-3.29208037E+00,-332.68844E-03
+445.00E-06,-2.80966831E+00,-360.82914E-03
+446.00E-06,-2.24685425E+00,-374.89949E-03
+447.00E-06,-1.68404018E+00,-397.01005E-03
+448.00E-06,-1.04082411E+00,-405.05025E-03
+449.00E-06,-437.80904E-03,-405.05025E-03
+450.00E-06,+165.20603E-03,-399.02010E-03
+451.00E-06,+808.42210E-03,-388.96985E-03
+452.00E-06,+1.39133667E+00,-372.88944E-03
+453.00E-06,+2.01445224E+00,-348.76884E-03
+454.00E-06,+2.57726631E+00,-324.64824E-03
+455.00E-06,+3.05967836E+00,-292.48743E-03
+456.00E-06,+3.54209042E+00,-246.25628E-03
+457.00E-06,+3.94410046E+00,-212.08542E-03
+458.00E-06,+4.26570850E+00,-163.84422E-03
+459.00E-06,+4.50691453E+00,-115.60301E-03
+460.00E-06,+4.76822106E+00,-73.39196E-03
+461.00E-06,+4.90892457E+00,-15.10050E-03
+462.00E-06,+4.90892457E+00,+29.12060E-03
+463.00E-06,+4.98932658E+00,+85.40201E-03
+464.00E-06,+4.82852256E+00,+133.64321E-03
+465.00E-06,+4.66771854E+00,+177.86432E-03
+466.00E-06,+4.34611051E+00,+222.08542E-03
+467.00E-06,+4.02450247E+00,+262.28643E-03
+468.00E-06,+3.68279393E+00,+302.48743E-03
+469.00E-06,+3.22048238E+00,+326.60804E-03
+470.00E-06,+2.67776882E+00,+358.76884E-03
+471.00E-06,+2.09485425E+00,+374.84924E-03
+472.00E-06,+1.61244220E+00,+390.92964E-03
+473.00E-06,+929.02512E-03,+398.96984E-03
+474.00E-06,+386.31156E-03,+407.01005E-03
+475.00E-06,-236.80402E-03,+398.96984E-03
+476.00E-06,-880.02009E-03,+384.89949E-03
+477.00E-06,-1.52323616E+00,+366.80904E-03
+478.00E-06,-2.08605023E+00,+350.72864E-03
+479.00E-06,-2.72926630E+00,+318.56784E-03
+480.00E-06,-3.15137685E+00,+286.40703E-03
+481.00E-06,-3.65388941E+00,+250.22613E-03
+482.00E-06,-4.01569845E+00,+206.00502E-03
+483.00E-06,-4.41770849E+00,+157.76382E-03
+484.00E-06,-4.65891452E+00,+117.56281E-03
+485.00E-06,-4.90012055E+00,+65.30151E-03
+486.00E-06,-5.04082407E+00,+15.05025E-03
+487.00E-06,-5.06092457E+00,-35.20100E-03
+488.00E-06,-5.00062306E+00,-85.45226E-03
+489.00E-06,-4.94032155E+00,-135.70352E-03
+490.00E-06,-4.73931653E+00,-185.95477E-03
+491.00E-06,-4.49811050E+00,-228.16583E-03
+492.00E-06,-4.15640196E+00,-268.36683E-03
+493.00E-06,-3.77449242E+00,-304.54774E-03
+494.00E-06,-3.29208037E+00,-332.68844E-03
+495.00E-06,-2.80966831E+00,-356.80904E-03
+496.00E-06,-2.24685425E+00,-380.92964E-03
+497.00E-06,-1.68404018E+00,-397.01005E-03
+498.00E-06,-1.04082411E+00,-411.08040E-03
+499.00E-06,-397.60803E-03,-405.05025E-03
+500.00E-06,+165.20603E-03,-405.05025E-03
+501.00E-06,+768.22110E-03,-397.01005E-03
+502.00E-06,+1.43153767E+00,-372.88944E-03
+503.00E-06,+2.01445224E+00,-356.80904E-03
+504.00E-06,+2.57726631E+00,-324.64824E-03
+505.00E-06,+3.05967836E+00,-288.46733E-03
+506.00E-06,+3.54209042E+00,-252.28643E-03
+507.00E-06,+3.94410046E+00,-212.08542E-03
+508.00E-06,+4.26570850E+00,-169.87437E-03
+509.00E-06,+4.58731654E+00,-115.60301E-03
+510.00E-06,+4.76822106E+00,-67.36181E-03
+511.00E-06,+4.90892457E+00,-19.12060E-03
+512.00E-06,+4.92902507E+00,+35.15075E-03
+513.00E-06,+4.98932658E+00,+81.38191E-03
+514.00E-06,+4.82852256E+00,+131.63316E-03
+515.00E-06,+4.66771854E+00,+181.88442E-03
+516.00E-06,+4.34611051E+00,+222.08542E-03
+517.00E-06,+4.02450247E+00,+262.28643E-03
+518.00E-06,+3.64259293E+00,+296.45728E-03
+519.00E-06,+3.22048238E+00,+334.64824E-03
+520.00E-06,+2.65766831E+00,+352.73869E-03
+521.00E-06,+2.13505526E+00,+374.84924E-03
+522.00E-06,+1.55214069E+00,+390.92964E-03
+523.00E-06,+969.22612E-03,+398.96984E-03
+524.00E-06,+326.01005E-03,+400.97990E-03
+525.00E-06,-277.00502E-03,+398.96984E-03
+526.00E-06,-940.32160E-03,+388.91959E-03
+527.00E-06,-1.52323616E+00,+366.80904E-03
+528.00E-06,-2.08605023E+00,+348.71859E-03
+529.00E-06,-2.68906530E+00,+318.56784E-03
+530.00E-06,-3.19157785E+00,+286.40703E-03
+531.00E-06,-3.69409041E+00,+254.24623E-03
+532.00E-06,-4.09610046E+00,+206.00502E-03
+533.00E-06,-4.41770849E+00,+165.80402E-03
+534.00E-06,-4.65891452E+00,+117.56281E-03
+535.00E-06,-4.90012055E+00,+61.28141E-03
+536.00E-06,-5.06092457E+00,+19.07035E-03
+537.00E-06,-5.06092457E+00,-35.20100E-03
+538.00E-06,-5.06092457E+00,-83.44221E-03
+539.00E-06,-4.90012055E+00,-131.68342E-03
+540.00E-06,-4.73931653E+00,-179.92462E-03
+541.00E-06,-4.49811050E+00,-232.18593E-03
+542.00E-06,-4.17650247E+00,-266.35678E-03
+543.00E-06,-3.77449242E+00,-300.52764E-03
+544.00E-06,-3.29208037E+00,-332.68844E-03
+545.00E-06,-2.76946731E+00,-364.84924E-03
+546.00E-06,-2.26695475E+00,-380.92964E-03
+547.00E-06,-1.68404018E+00,-397.01005E-03
+548.00E-06,-1.10112561E+00,-405.05025E-03
+549.00E-06,-478.01004E-03,-409.07035E-03
+550.00E-06,+165.20603E-03,-403.04020E-03
+551.00E-06,+808.42210E-03,-388.96985E-03
+552.00E-06,+1.45163818E+00,-374.89949E-03
+553.00E-06,+2.01445224E+00,-352.78894E-03
+554.00E-06,+2.57726631E+00,-330.67839E-03
+555.00E-06,+3.05967836E+00,-292.48743E-03
+556.00E-06,+3.54209042E+00,-252.28643E-03
+557.00E-06,+3.94410046E+00,-212.08542E-03
+558.00E-06,+4.28580900E+00,-165.85427E-03
+559.00E-06,+4.58731654E+00,-115.60301E-03
+560.00E-06,+4.80842206E+00,-67.36181E-03
+561.00E-06,+4.90892457E+00,-19.12060E-03
+562.00E-06,+4.98932658E+00,+29.12060E-03
+563.00E-06,+4.90892457E+00,+85.40201E-03
+564.00E-06,+4.82852256E+00,+127.61306E-03
+565.00E-06,+4.66771854E+00,+177.86432E-03
+566.00E-06,+4.36621101E+00,+222.08542E-03
+567.00E-06,+4.02450247E+00,+262.28643E-03
+568.00E-06,+3.62249243E+00,+296.45728E-03
+569.00E-06,+3.22048238E+00,+326.60804E-03
+570.00E-06,+2.67776882E+00,+356.75879E-03
+571.00E-06,+2.17525626E+00,+374.84924E-03
+572.00E-06,+1.59234169E+00,+390.92964E-03
+573.00E-06,+969.22612E-03,+398.96984E-03
+574.00E-06,+326.01005E-03,+405.00000E-03
+575.00E-06,-236.80402E-03,+398.96984E-03
+576.00E-06,-880.02009E-03,+388.91959E-03
+577.00E-06,-1.52323616E+00,+370.82914E-03
+578.00E-06,-2.08605023E+00,+344.69849E-03
+579.00E-06,-2.64886429E+00,+318.56784E-03
+580.00E-06,-3.21167836E+00,+286.40703E-03
+581.00E-06,-3.69409041E+00,+246.20603E-03
+582.00E-06,-4.07599995E+00,+212.03517E-03
+583.00E-06,-4.41770849E+00,+157.76382E-03
+584.00E-06,-4.65891452E+00,+111.53266E-03
+585.00E-06,-4.90012055E+00,+61.28141E-03
+586.00E-06,-5.04082407E+00,+13.04020E-03
+587.00E-06,-5.06092457E+00,-43.24121E-03
+588.00E-06,-5.04082406E+00,-85.45226E-03
+589.00E-06,-4.94032155E+00,-139.72362E-03
+590.00E-06,-4.73931653E+00,-185.95477E-03
+591.00E-06,-4.49811050E+00,-228.16583E-03
+592.00E-06,-4.17650247E+00,-274.39698E-03
+593.00E-06,-3.77449242E+00,-300.52764E-03
+594.00E-06,-3.29208037E+00,-338.71859E-03
+595.00E-06,-2.80966831E+00,-356.80904E-03
+596.00E-06,-2.24685425E+00,-388.96985E-03
+597.00E-06,-1.68404018E+00,-397.01005E-03
+598.00E-06,-1.10112561E+00,-407.06030E-03
+599.00E-06,-478.01004E-03,-405.05025E-03
+600.00E-06,+185.30653E-03,-405.05025E-03
+601.00E-06,+808.42210E-03,-392.98995E-03
+602.00E-06,+1.43153767E+00,-374.89949E-03
+603.00E-06,+2.01445224E+00,-356.80904E-03
+604.00E-06,+2.57726631E+00,-324.64824E-03
+605.00E-06,+3.09987937E+00,-296.50753E-03
+606.00E-06,+3.54209042E+00,-252.28643E-03
+607.00E-06,+3.94410046E+00,-212.08542E-03
+608.00E-06,+4.28580900E+00,-163.84422E-03
+609.00E-06,+4.54711553E+00,-119.62311E-03
+610.00E-06,+4.74812055E+00,-69.37186E-03
+611.00E-06,+4.90892457E+00,-19.12060E-03
+612.00E-06,+4.98932658E+00,+29.12060E-03
+613.00E-06,+4.90892457E+00,+77.36181E-03
+614.00E-06,+4.82852256E+00,+127.61306E-03
+615.00E-06,+4.66771854E+00,+181.88442E-03
+616.00E-06,+4.40641201E+00,+222.08542E-03
+617.00E-06,+4.02450247E+00,+258.26633E-03
+618.00E-06,+3.64259293E+00,+302.48743E-03
+619.00E-06,+3.14008037E+00,+326.60804E-03
+620.00E-06,+2.65766831E+00,+358.76884E-03
+621.00E-06,+2.17525626E+00,+374.84924E-03
+622.00E-06,+1.55214069E+00,+390.92964E-03
+623.00E-06,+969.22612E-03,+390.92964E-03
+624.00E-06,+386.31156E-03,+405.00000E-03
+625.00E-06,-317.20603E-03,+398.96984E-03
+626.00E-06,-880.02009E-03,+388.91959E-03
+627.00E-06,-1.52323616E+00,+366.80904E-03
+628.00E-06,-2.10615073E+00,+350.72864E-03
+629.00E-06,-2.68906530E+00,+318.56784E-03
+630.00E-06,-3.15137685E+00,+286.40703E-03
+631.00E-06,-3.61368840E+00,+246.20603E-03
+632.00E-06,-4.01569845E+00,+203.99497E-03
+633.00E-06,-4.41770849E+00,+157.76382E-03
+634.00E-06,-4.65891452E+00,+117.56281E-03
+635.00E-06,-4.90012055E+00,+61.28141E-03
+636.00E-06,-4.98052256E+00,+13.04020E-03
+637.00E-06,-5.06092457E+00,-39.22111E-03
+638.00E-06,-5.06092457E+00,-83.44221E-03
+639.00E-06,-4.90012055E+00,-131.68342E-03
+640.00E-06,-4.73931653E+00,-179.92462E-03
+641.00E-06,-4.49811050E+00,-228.16583E-03
+642.00E-06,-4.17650247E+00,-268.36683E-03
+643.00E-06,-3.77449242E+00,-300.52764E-03
+644.00E-06,-3.29208037E+00,-332.68844E-03
+645.00E-06,-2.80966831E+00,-360.82914E-03
+646.00E-06,-2.24685425E+00,-380.92964E-03
+647.00E-06,-1.68404018E+00,-397.01005E-03
+648.00E-06,-1.10112561E+00,-405.05025E-03
+649.00E-06,-478.01004E-03,-409.07035E-03
+650.00E-06,+225.50754E-03,-403.04020E-03
+651.00E-06,+728.02009E-03,-397.01005E-03
+652.00E-06,+1.45163818E+00,-374.89949E-03
+653.00E-06,+2.01445224E+00,-356.80904E-03
+654.00E-06,+2.57726631E+00,-324.64824E-03
+655.00E-06,+3.05967836E+00,-284.44723E-03
+656.00E-06,+3.54209042E+00,-258.31658E-03
+657.00E-06,+3.94410046E+00,-208.06532E-03
+658.00E-06,+4.26570850E+00,-169.87437E-03
+659.00E-06,+4.58731654E+00,-115.60301E-03
+660.00E-06,+4.74812055E+00,-67.36181E-03
+661.00E-06,+4.90892457E+00,-15.10050E-03
+662.00E-06,+4.90892457E+00,+29.12060E-03
+663.00E-06,+4.90892457E+00,+77.36181E-03
+664.00E-06,+4.82852256E+00,+127.61306E-03
+665.00E-06,+4.62751754E+00,+173.84422E-03
+666.00E-06,+4.42651252E+00,+220.07537E-03
+667.00E-06,+4.02450247E+00,+254.24623E-03
+668.00E-06,+3.62249243E+00,+296.45728E-03
+669.00E-06,+3.22048238E+00,+326.60804E-03
+670.00E-06,+2.67776882E+00,+352.73869E-03
+671.00E-06,+2.09485425E+00,+374.84924E-03
+672.00E-06,+1.55214069E+00,+390.92964E-03
+673.00E-06,+969.22612E-03,+398.96984E-03
+674.00E-06,+326.01005E-03,+398.96984E-03
+675.00E-06,-317.20603E-03,+390.92964E-03
+676.00E-06,-900.12059E-03,+382.88944E-03
+677.00E-06,-1.52323616E+00,+366.80904E-03
+678.00E-06,-2.08605023E+00,+344.69849E-03
+679.00E-06,-2.64886429E+00,+318.56784E-03
+680.00E-06,-3.15137685E+00,+286.40703E-03
+681.00E-06,-3.65388941E+00,+246.20603E-03
+682.00E-06,-4.07599995E+00,+206.00502E-03
+683.00E-06,-4.33730648E+00,+157.76382E-03
+684.00E-06,-4.67901502E+00,+109.52261E-03
+685.00E-06,-4.90012055E+00,+61.28141E-03
+686.00E-06,-5.00062306E+00,+13.04020E-03
+687.00E-06,-5.06092457E+00,-35.20100E-03
+688.00E-06,-5.06092457E+00,-91.48241E-03
+689.00E-06,-4.94032155E+00,-139.72362E-03
+690.00E-06,-4.73931653E+00,-179.92462E-03
+691.00E-06,-4.49811050E+00,-228.16583E-03
+692.00E-06,-4.17650247E+00,-262.33668E-03
+693.00E-06,-3.77449242E+00,-304.54774E-03
+694.00E-06,-3.29208037E+00,-332.68844E-03
+695.00E-06,-2.80966831E+00,-364.84924E-03
+696.00E-06,-2.24685425E+00,-382.93969E-03
+697.00E-06,-1.68404018E+00,-397.01005E-03
+698.00E-06,-1.06092461E+00,-405.05025E-03
+699.00E-06,-397.60803E-03,-405.05025E-03
+700.00E-06,+165.20603E-03,-405.05025E-03
+701.00E-06,+808.42210E-03,-392.98995E-03
+702.00E-06,+1.43153767E+00,-380.92964E-03
+703.00E-06,+2.01445224E+00,-356.80904E-03
+704.00E-06,+2.57726631E+00,-330.67839E-03
+705.00E-06,+3.05967836E+00,-292.48743E-03
+706.00E-06,+3.54209042E+00,-254.29648E-03
+707.00E-06,+3.94410046E+00,-212.08542E-03
+708.00E-06,+4.26570850E+00,-169.87437E-03
+709.00E-06,+4.58731654E+00,-123.64321E-03
+710.00E-06,+4.76822106E+00,-69.37186E-03
+711.00E-06,+4.90892457E+00,-19.12060E-03
+712.00E-06,+4.98932658E+00,+29.12060E-03
+713.00E-06,+4.94912558E+00,+77.36181E-03
+714.00E-06,+4.82852256E+00,+125.60301E-03
+715.00E-06,+4.66771854E+00,+173.84422E-03
+716.00E-06,+4.40641201E+00,+222.08542E-03
+717.00E-06,+4.10490448E+00,+262.28643E-03
+718.00E-06,+3.70289443E+00,+294.44723E-03
+719.00E-06,+3.22048238E+00,+326.60804E-03
+720.00E-06,+2.71796982E+00,+356.75879E-03
+721.00E-06,+2.17525626E+00,+374.84924E-03
+722.00E-06,+1.61244220E+00,+390.92964E-03
+723.00E-06,+969.22612E-03,+398.96984E-03
+724.00E-06,+326.01005E-03,+396.95979E-03
+725.00E-06,-277.00502E-03,+398.96984E-03
+726.00E-06,-880.02009E-03,+382.88944E-03
+727.00E-06,-1.52323616E+00,+366.80904E-03
+728.00E-06,-2.10615073E+00,+342.68844E-03
+729.00E-06,-2.68906530E+00,+318.56784E-03
+730.00E-06,-3.13127635E+00,+286.40703E-03
+731.00E-06,-3.61368840E+00,+246.20603E-03
+732.00E-06,-4.09610046E+00,+206.00502E-03
+733.00E-06,-4.41770849E+00,+157.76382E-03
+734.00E-06,-4.65891452E+00,+111.53266E-03
+735.00E-06,-4.90012055E+00,+61.28141E-03
+736.00E-06,-5.00062306E+00,+13.04020E-03
+737.00E-06,-5.06092457E+00,-35.20100E-03
+738.00E-06,-5.06092457E+00,-83.44221E-03
+739.00E-06,-4.90012055E+00,-139.72362E-03
+740.00E-06,-4.73931653E+00,-181.93467E-03
+741.00E-06,-4.49811050E+00,-228.16583E-03
+742.00E-06,-4.17650247E+00,-268.36683E-03
+743.00E-06,-3.77449242E+00,-300.52764E-03
+744.00E-06,-3.35238187E+00,-334.69849E-03
+745.00E-06,-2.80966831E+00,-356.80904E-03
+746.00E-06,-2.24685425E+00,-386.95979E-03
+747.00E-06,-1.68404018E+00,-405.05025E-03
+748.00E-06,-1.04082411E+00,-405.05025E-03
+749.00E-06,-478.01004E-03,-409.07035E-03
+750.00E-06,+145.10553E-03,-405.05025E-03
+751.00E-06,+808.42210E-03,-397.01005E-03
+752.00E-06,+1.39133667E+00,-372.88944E-03
+753.00E-06,+2.01445224E+00,-356.80904E-03
+754.00E-06,+2.57726631E+00,-324.64824E-03
+755.00E-06,+3.05967836E+00,-292.48743E-03
+756.00E-06,+3.54209042E+00,-260.32663E-03
+757.00E-06,+3.94410046E+00,-212.08542E-03
+758.00E-06,+4.26570850E+00,-169.87437E-03
+759.00E-06,+4.58731654E+00,-115.60301E-03
+760.00E-06,+4.80842206E+00,-67.36181E-03
+761.00E-06,+4.90892457E+00,-19.12060E-03
+762.00E-06,+4.96922608E+00,+29.12060E-03
+763.00E-06,+4.90892457E+00,+77.36181E-03
+764.00E-06,+4.82852256E+00,+125.60301E-03
+765.00E-06,+4.62751754E+00,+173.84422E-03
+766.00E-06,+4.36621101E+00,+214.04522E-03
+767.00E-06,+4.02450247E+00,+262.28643E-03
+768.00E-06,+3.62249243E+00,+296.45728E-03
+769.00E-06,+3.22048238E+00,+326.60804E-03
+770.00E-06,+2.73807032E+00,+356.75879E-03
+771.00E-06,+2.17525626E+00,+366.80904E-03
+772.00E-06,+1.59234169E+00,+390.92964E-03
+773.00E-06,+969.22612E-03,+394.94974E-03
+774.00E-06,+386.31156E-03,+405.00000E-03
+775.00E-06,-236.80402E-03,+398.96984E-03
+776.00E-06,-880.02009E-03,+382.88944E-03
+777.00E-06,-1.52323616E+00,+366.80904E-03
+778.00E-06,-2.08605023E+00,+344.69849E-03
+779.00E-06,-2.64886429E+00,+318.56784E-03
+780.00E-06,-3.21167836E+00,+286.40703E-03
+781.00E-06,-3.61368840E+00,+246.20603E-03
+782.00E-06,-4.03579895E+00,+206.00502E-03
+783.00E-06,-4.41770849E+00,+157.76382E-03
+784.00E-06,-4.71921603E+00,+109.52261E-03
+785.00E-06,-4.90012055E+00,+61.28141E-03
+786.00E-06,-4.98052256E+00,+15.05025E-03
+787.00E-06,-5.06092457E+00,-35.20100E-03
+788.00E-06,-4.98052256E+00,-91.48241E-03
+789.00E-06,-4.90012055E+00,-139.72362E-03
+790.00E-06,-4.73931653E+00,-179.92462E-03
+791.00E-06,-4.49811050E+00,-228.16583E-03
+792.00E-06,-4.17650247E+00,-268.36683E-03
+793.00E-06,-3.77449242E+00,-308.56784E-03
+794.00E-06,-3.29208037E+00,-340.72864E-03
+795.00E-06,-2.80966831E+00,-364.84924E-03
+796.00E-06,-2.22675374E+00,-382.93969E-03
+797.00E-06,-1.68404018E+00,-397.01005E-03
+798.00E-06,-1.06092461E+00,-411.08040E-03
+799.00E-06,-397.60803E-03,-405.05025E-03
+800.00E-06,+165.20603E-03,-405.05025E-03
+801.00E-06,+808.42210E-03,-397.01005E-03
+802.00E-06,+1.43153767E+00,-380.92964E-03
+803.00E-06,+2.01445224E+00,-356.80904E-03
+804.00E-06,+2.57726631E+00,-324.64824E-03
+805.00E-06,+3.09987937E+00,-292.48743E-03
+806.00E-06,+3.54209042E+00,-260.32663E-03
+807.00E-06,+3.94410046E+00,-212.08542E-03
+808.00E-06,+4.26570850E+00,-165.85427E-03
+809.00E-06,+4.58731654E+00,-119.62311E-03
+810.00E-06,+4.74812055E+00,-75.40201E-03
+811.00E-06,+4.82852256E+00,-19.12060E-03
+812.00E-06,+4.92902507E+00,+29.12060E-03
+813.00E-06,+4.90892457E+00,+77.36181E-03
+814.00E-06,+4.82852256E+00,+133.64321E-03
+815.00E-06,+4.66771854E+00,+173.84422E-03
+816.00E-06,+4.40641201E+00,+222.08542E-03
+817.00E-06,+4.06470348E+00,+262.28643E-03
+818.00E-06,+3.64259293E+00,+294.44723E-03
+819.00E-06,+3.22048238E+00,+326.60804E-03
+820.00E-06,+2.71796982E+00,+358.76884E-03
+821.00E-06,+2.17525626E+00,+374.84924E-03
+822.00E-06,+1.55214069E+00,+390.92964E-03
+823.00E-06,+969.22612E-03,+398.96984E-03
+824.00E-06,+326.01005E-03,+398.96984E-03
+825.00E-06,-236.80402E-03,+394.94974E-03
+826.00E-06,-880.02009E-03,+388.91959E-03
+827.00E-06,-1.44283415E+00,+366.80904E-03
+828.00E-06,-2.08605023E+00,+350.72864E-03
+829.00E-06,-2.64886429E+00,+318.56784E-03
+830.00E-06,-3.19157785E+00,+286.40703E-03
+831.00E-06,-3.69409041E+00,+246.20603E-03
+832.00E-06,-4.09610046E+00,+206.00502E-03
+833.00E-06,-4.41770849E+00,+161.78392E-03
+834.00E-06,-4.67901502E+00,+115.55276E-03
+835.00E-06,-4.90012055E+00,+61.28141E-03
+836.00E-06,-5.04082406E+00,+11.03015E-03
+837.00E-06,-5.06092457E+00,-39.22111E-03
+838.00E-06,-5.06092457E+00,-91.48241E-03
+839.00E-06,-4.90012055E+00,-139.72362E-03
+840.00E-06,-4.73931653E+00,-187.96482E-03
+841.00E-06,-4.49811050E+00,-232.18593E-03
+842.00E-06,-4.17650247E+00,-274.39698E-03
+843.00E-06,-3.77449242E+00,-308.56784E-03
+844.00E-06,-3.29208037E+00,-340.72864E-03
+845.00E-06,-2.80966831E+00,-360.82914E-03
+846.00E-06,-2.24685425E+00,-380.92964E-03
+847.00E-06,-1.68404018E+00,-397.01005E-03
+848.00E-06,-1.10112561E+00,-411.08040E-03
+849.00E-06,-478.01004E-03,-409.07035E-03
+850.00E-06,+165.20603E-03,-405.05025E-03
+851.00E-06,+808.42210E-03,-397.01005E-03
+852.00E-06,+1.39133667E+00,-378.91959E-03
+853.00E-06,+2.01445224E+00,-352.78894E-03
+854.00E-06,+2.57726631E+00,-324.64824E-03
+855.00E-06,+3.14008037E+00,-292.48743E-03
+856.00E-06,+3.54209042E+00,-252.28643E-03
+857.00E-06,+3.94410046E+00,-212.08542E-03
+858.00E-06,+4.28580900E+00,-163.84422E-03
+859.00E-06,+4.58731654E+00,-123.64321E-03
+860.00E-06,+4.74812055E+00,-73.39196E-03
+861.00E-06,+4.90892457E+00,-19.12060E-03
+862.00E-06,+4.92902507E+00,+27.11055E-03
+863.00E-06,+4.98932658E+00,+77.36181E-03
+864.00E-06,+4.82852256E+00,+131.63316E-03
+865.00E-06,+4.62751754E+00,+173.84422E-03
+866.00E-06,+4.36621101E+00,+222.08542E-03
+867.00E-06,+4.10490448E+00,+262.28643E-03
+868.00E-06,+3.62249243E+00,+300.47738E-03
+869.00E-06,+3.22048238E+00,+326.60804E-03
+870.00E-06,+2.73807032E+00,+356.75879E-03
+871.00E-06,+2.17525626E+00,+374.84924E-03
+872.00E-06,+1.59234169E+00,+390.92964E-03
+873.00E-06,+1.00942713E+00,+398.96984E-03
+874.00E-06,+346.11055E-03,+398.96984E-03
+875.00E-06,-317.20603E-03,+390.92964E-03
+876.00E-06,-880.02009E-03,+382.88944E-03
+877.00E-06,-1.52323616E+00,+362.78894E-03
+878.00E-06,-2.08605023E+00,+348.71859E-03
+879.00E-06,-2.64886429E+00,+318.56784E-03
+880.00E-06,-3.19157785E+00,+286.40703E-03
+881.00E-06,-3.61368840E+00,+246.20603E-03
+882.00E-06,-4.09610046E+00,+197.96482E-03
+883.00E-06,-4.41770849E+00,+157.76382E-03
+884.00E-06,-4.65891452E+00,+107.51256E-03
+885.00E-06,-4.85991954E+00,+65.30151E-03
+886.00E-06,-5.04082407E+00,+13.04020E-03
+887.00E-06,-5.06092457E+00,-35.20100E-03
+888.00E-06,-5.06092457E+00,-91.48241E-03
+889.00E-06,-4.90012055E+00,-135.70352E-03
+890.00E-06,-4.73931653E+00,-187.96482E-03
+891.00E-06,-4.49811050E+00,-228.16583E-03
+892.00E-06,-4.17650247E+00,-268.36683E-03
+893.00E-06,-3.77449242E+00,-304.54774E-03
+894.00E-06,-3.31218087E+00,-338.71859E-03
+895.00E-06,-2.80966831E+00,-364.84924E-03
+896.00E-06,-2.24685425E+00,-386.95979E-03
+897.00E-06,-1.68404018E+00,-397.01005E-03
+898.00E-06,-1.04082411E+00,-405.05025E-03
+899.00E-06,-397.60803E-03,-413.09045E-03
+900.00E-06,+165.20603E-03,-405.05025E-03
+901.00E-06,+808.42210E-03,-392.98995E-03
+902.00E-06,+1.45163818E+00,-372.88944E-03
+903.00E-06,+2.01445224E+00,-348.76884E-03
+904.00E-06,+2.57726631E+00,-324.64824E-03
+905.00E-06,+3.05967836E+00,-292.48743E-03
+906.00E-06,+3.48178891E+00,-252.28643E-03
+907.00E-06,+3.94410046E+00,-220.12563E-03
+908.00E-06,+4.34611051E+00,-169.87437E-03
+909.00E-06,+4.54711553E+00,-123.64321E-03
+910.00E-06,+4.82852256E+00,-73.39196E-03
+911.00E-06,+4.90892457E+00,-27.16080E-03
+912.00E-06,+4.90892457E+00,+29.12060E-03
+913.00E-06,+4.90892457E+00,+77.36181E-03
+914.00E-06,+4.82852256E+00,+125.60301E-03
+915.00E-06,+4.66771854E+00,+173.84422E-03
+916.00E-06,+4.34611051E+00,+216.05527E-03
+917.00E-06,+4.06470348E+00,+262.28643E-03
+918.00E-06,+3.64259293E+00,+300.47738E-03
+919.00E-06,+3.22048238E+00,+334.64824E-03
+920.00E-06,+2.65766831E+00,+350.72864E-03
+921.00E-06,+2.17525626E+00,+374.84924E-03
+922.00E-06,+1.55214069E+00,+390.92964E-03
+923.00E-06,+969.22612E-03,+390.92964E-03
+924.00E-06,+326.01005E-03,+398.96984E-03
+925.00E-06,-236.80402E-03,+394.94974E-03
+926.00E-06,-880.02009E-03,+384.89949E-03
+927.00E-06,-1.52323616E+00,+366.80904E-03
+928.00E-06,-2.08605023E+00,+348.71859E-03
+929.00E-06,-2.68906530E+00,+314.54774E-03
+930.00E-06,-3.21167836E+00,+286.40703E-03
+931.00E-06,-3.69409041E+00,+254.24623E-03
+932.00E-06,-4.03579895E+00,+206.00502E-03
+933.00E-06,-4.41770849E+00,+157.76382E-03
+934.00E-06,-4.65891452E+00,+109.52261E-03
+935.00E-06,-4.90012055E+00,+61.28141E-03
+936.00E-06,-5.00062306E+00,+11.03015E-03
+937.00E-06,-5.06092457E+00,-39.22111E-03
+938.00E-06,-5.00062306E+00,-89.47236E-03
+939.00E-06,-4.90012055E+00,-139.72362E-03
+940.00E-06,-4.73931653E+00,-185.95477E-03
+941.00E-06,-4.49811050E+00,-228.16583E-03
+942.00E-06,-4.17650247E+00,-268.36683E-03
+943.00E-06,-3.77449242E+00,-308.56784E-03
+944.00E-06,-3.29208037E+00,-332.68844E-03
+945.00E-06,-2.80966831E+00,-360.82914E-03
+946.00E-06,-2.24685425E+00,-382.93969E-03
+947.00E-06,-1.68404018E+00,-397.01005E-03
+948.00E-06,-1.10112561E+00,-405.05025E-03
+949.00E-06,-437.80904E-03,-405.05025E-03
+950.00E-06,+165.20603E-03,-405.05025E-03
+951.00E-06,+808.42210E-03,-388.96985E-03
+952.00E-06,+1.39133667E+00,-378.91959E-03
+953.00E-06,+2.01445224E+00,-356.80904E-03
+954.00E-06,+2.55716580E+00,-326.65829E-03
+955.00E-06,+3.05967836E+00,-292.48743E-03
+956.00E-06,+3.54209042E+00,-258.31658E-03
+957.00E-06,+3.94410046E+00,-212.08542E-03
+958.00E-06,+4.28580900E+00,-163.84422E-03
+959.00E-06,+4.58731654E+00,-123.64321E-03
+960.00E-06,+4.76822106E+00,-73.39196E-03
+961.00E-06,+4.90892457E+00,-23.14070E-03
+962.00E-06,+4.98932658E+00,+29.12060E-03
+963.00E-06,+4.90892457E+00,+77.36181E-03
+964.00E-06,+4.82852256E+00,+131.63316E-03
+965.00E-06,+4.66771854E+00,+173.84422E-03
+966.00E-06,+4.34611051E+00,+220.07537E-03
+967.00E-06,+4.02450247E+00,+254.24623E-03
+968.00E-06,+3.62249243E+00,+296.45728E-03
+969.00E-06,+3.22048238E+00,+326.60804E-03
+970.00E-06,+2.67776882E+00,+358.76884E-03
+971.00E-06,+2.17525626E+00,+366.80904E-03
+972.00E-06,+1.61244220E+00,+394.94974E-03
+973.00E-06,+969.22612E-03,+398.96984E-03
+974.00E-06,+326.01005E-03,+405.00000E-03
+975.00E-06,-317.20603E-03,+390.92964E-03
+976.00E-06,-880.02009E-03,+388.91959E-03
+977.00E-06,-1.52323616E+00,+366.80904E-03
+978.00E-06,-2.08605023E+00,+342.68844E-03
+979.00E-06,-2.64886429E+00,+318.56784E-03
+980.00E-06,-3.21167836E+00,+286.40703E-03
+981.00E-06,-3.61368840E+00,+246.20603E-03
+982.00E-06,-4.09610046E+00,+206.00502E-03
+983.00E-06,-4.41770849E+00,+157.76382E-03
+984.00E-06,-4.65891452E+00,+107.51256E-03
+985.00E-06,-4.90012055E+00,+61.28141E-03
+986.00E-06,-4.98052256E+00,+13.04020E-03
+987.00E-06,-5.06092457E+00,-35.20100E-03
+988.00E-06,-5.04082406E+00,-85.45226E-03
+989.00E-06,-4.94032155E+00,-135.70352E-03
+990.00E-06,-4.73931653E+00,-179.92462E-03
+991.00E-06,-4.49811050E+00,-228.16583E-03
+992.00E-06,-4.17650247E+00,-270.37688E-03
+993.00E-06,-3.77449242E+00,-308.56784E-03
+994.00E-06,-3.29208037E+00,-332.68844E-03
+995.00E-06,-2.80966831E+00,-364.84924E-03
+996.00E-06,-2.24685425E+00,-386.95979E-03
+997.00E-06,-1.68404018E+00,-397.01005E-03
+998.00E-06,-1.10112561E+00,-405.05025E-03
+999.00E-06,-478.01004E-03,-413.09045E-03
+1.00000E-03,-55.89950E-03,-405.05025E-03
+1.00100E-03,-35.79899E-03,-405.05025E-03
+1.00200E-03,-15.69849E-03,-397.01005E-03
+1.00300E-03,-76.00000E-03,-397.01005E-03
+1.00400E-03,-76.00000E-03,-388.96985E-03
+1.00500E-03,-76.00000E-03,-388.96985E-03
+1.00600E-03,-55.89950E-03,-380.92964E-03
+1.00700E-03,-76.00000E-03,-380.92964E-03
+1.00800E-03,-76.00000E-03,-372.88944E-03
+1.00900E-03,-76.00000E-03,-372.88944E-03
+1.01000E-03,-76.00000E-03,-364.84924E-03
+1.01100E-03,+4.40201E-03,-364.84924E-03
+1.01200E-03,-55.89950E-03,-356.80904E-03
+1.01300E-03,-76.00000E-03,-356.80904E-03
+1.01400E-03,-76.00000E-03,-348.76884E-03
+1.01500E-03,-76.00000E-03,-340.72864E-03
+1.01600E-03,-55.89950E-03,-340.72864E-03
+1.01700E-03,-76.00000E-03,-336.70854E-03
+1.01800E-03,-76.00000E-03,-332.68844E-03
+1.01900E-03,-76.00000E-03,-332.68844E-03
+1.02000E-03,-76.00000E-03,-324.64824E-03
+1.02100E-03,-76.00000E-03,-324.64824E-03
+1.02200E-03,-76.00000E-03,-316.60804E-03
+1.02300E-03,-76.00000E-03,-316.60804E-03
+1.02400E-03,-76.00000E-03,-310.57789E-03
+1.02500E-03,-76.00000E-03,-312.58794E-03
+1.02600E-03,-15.69849E-03,-308.56784E-03
+1.02700E-03,-76.00000E-03,-308.56784E-03
+1.02800E-03,-76.00000E-03,-300.52764E-03
+1.02900E-03,-35.79899E-03,-300.52764E-03
+1.03000E-03,-76.00000E-03,-298.51758E-03
+1.03100E-03,-76.00000E-03,-292.48743E-03
+1.03200E-03,-76.00000E-03,-290.47738E-03
+1.03300E-03,-76.00000E-03,-284.44723E-03
+1.03400E-03,-76.00000E-03,-284.44723E-03
+1.03500E-03,-76.00000E-03,-284.44723E-03
+1.03600E-03,-76.00000E-03,-282.43718E-03
+1.03700E-03,-35.79899E-03,-276.40703E-03
+1.03800E-03,-76.00000E-03,-274.39698E-03
+1.03900E-03,-76.00000E-03,-268.36683E-03
+1.04000E-03,-76.00000E-03,-268.36683E-03
+1.04100E-03,-76.00000E-03,-264.34673E-03
+1.04200E-03,-76.00000E-03,-262.33668E-03
+1.04300E-03,-76.00000E-03,-260.32663E-03
+1.04400E-03,-76.00000E-03,-260.32663E-03
+1.04500E-03,-35.79899E-03,-252.28643E-03
+1.04600E-03,-55.89950E-03,-252.28643E-03
+1.04700E-03,-76.00000E-03,-252.28643E-03
+1.04800E-03,-76.00000E-03,-250.27638E-03
+1.04900E-03,-76.00000E-03,-248.26633E-03
+1.05000E-03,-76.00000E-03,-244.24623E-03
+1.05100E-03,+4.40201E-03,-244.24623E-03
+1.05200E-03,-76.00000E-03,-236.20603E-03
+1.05300E-03,-76.00000E-03,-232.18593E-03
+1.05400E-03,-76.00000E-03,-236.20603E-03
+1.05500E-03,-76.00000E-03,-228.16583E-03
+1.05600E-03,-76.00000E-03,-228.16583E-03
+1.05700E-03,-76.00000E-03,-228.16583E-03
+1.05800E-03,-76.00000E-03,-222.13568E-03
+1.05900E-03,-76.00000E-03,-220.12563E-03
+1.06000E-03,-76.00000E-03,-214.09548E-03
+1.06100E-03,-76.00000E-03,-216.10553E-03
+1.06200E-03,-55.89950E-03,-212.08542E-03
+1.06300E-03,-76.00000E-03,-212.08542E-03
+1.06400E-03,-76.00000E-03,-206.05527E-03
+1.06500E-03,-35.79899E-03,-208.06532E-03
+1.06600E-03,-15.69849E-03,-206.05527E-03
+1.06700E-03,+4.40201E-03,-204.04522E-03
+1.06800E-03,-55.89950E-03,-210.07537E-03
+1.06900E-03,-35.79899E-03,-200.02512E-03
+1.07000E-03,-76.00000E-03,-196.00502E-03
+1.07100E-03,-76.00000E-03,-196.00502E-03
+1.07200E-03,-76.00000E-03,-196.00502E-03
+1.07300E-03,-35.79899E-03,-187.96482E-03
+1.07400E-03,-76.00000E-03,-187.96482E-03
+1.07500E-03,-76.00000E-03,-187.96482E-03
+1.07600E-03,-15.69849E-03,-179.92462E-03
+1.07700E-03,-76.00000E-03,-183.94472E-03
+1.07800E-03,-76.00000E-03,-179.92462E-03
+1.07900E-03,-76.00000E-03,-179.92462E-03
+1.08000E-03,-76.00000E-03,-173.89447E-03
+1.08100E-03,-35.79899E-03,-171.88442E-03
+1.08200E-03,-76.00000E-03,-173.89447E-03
+1.08300E-03,-76.00000E-03,-179.92462E-03
+1.08400E-03,-76.00000E-03,-171.88442E-03
+1.08500E-03,-76.00000E-03,-167.86432E-03
+1.08600E-03,-76.00000E-03,-169.87437E-03
+1.08700E-03,+4.40201E-03,-163.84422E-03
+1.08800E-03,-76.00000E-03,-163.84422E-03
+1.08900E-03,-35.79899E-03,-163.84422E-03
+1.09000E-03,-76.00000E-03,-157.81407E-03
+1.09100E-03,-76.00000E-03,-155.80402E-03
+1.09200E-03,-76.00000E-03,-161.83417E-03
+1.09300E-03,-76.00000E-03,-155.80402E-03
+1.09400E-03,-76.00000E-03,-155.80402E-03
+1.09500E-03,+4.40201E-03,-147.76382E-03
+1.09600E-03,-76.00000E-03,-149.77387E-03
+1.09700E-03,-76.00000E-03,-147.76382E-03
+1.09800E-03,-76.00000E-03,-147.76382E-03
+1.09900E-03,-76.00000E-03,-147.76382E-03
+1.10000E-03,-15.69849E-03,-147.76382E-03
+1.10100E-03,-76.00000E-03,-143.74372E-03
+1.10200E-03,-76.00000E-03,-139.72362E-03
+1.10300E-03,-76.00000E-03,-139.72362E-03
+1.10400E-03,-76.00000E-03,-145.75377E-03
+1.10500E-03,-76.00000E-03,-135.70352E-03
+1.10600E-03,-76.00000E-03,-133.69347E-03
+1.10700E-03,-76.00000E-03,-139.72362E-03
+1.10800E-03,-55.89950E-03,-133.69347E-03
+1.10900E-03,-76.00000E-03,-135.70352E-03
+1.11000E-03,-76.00000E-03,-131.68342E-03
+1.11100E-03,-76.00000E-03,-131.68342E-03
+1.11200E-03,-76.00000E-03,-137.71357E-03
+1.11300E-03,-76.00000E-03,-127.66332E-03
+1.11400E-03,-76.00000E-03,-129.67337E-03
+1.11500E-03,+4.40201E-03,-123.64321E-03
+1.11600E-03,-76.00000E-03,-123.64321E-03
+1.11700E-03,-35.79899E-03,-123.64321E-03
+1.11800E-03,-76.00000E-03,-123.64321E-03
+1.11900E-03,-76.00000E-03,-123.64321E-03
+1.12000E-03,-76.00000E-03,-117.61306E-03
+1.12100E-03,-76.00000E-03,-119.62311E-03
+1.12200E-03,-76.00000E-03,-115.60301E-03
+1.12300E-03,-76.00000E-03,-115.60301E-03
+1.12400E-03,-76.00000E-03,-115.60301E-03
+1.12500E-03,-35.79899E-03,-111.58291E-03
+1.12600E-03,-15.69849E-03,-107.56281E-03
+1.12700E-03,-76.00000E-03,-115.60301E-03
+1.12800E-03,-76.00000E-03,-109.57286E-03
+1.12900E-03,-35.79899E-03,-107.56281E-03
+1.13000E-03,-76.00000E-03,-107.56281E-03
+1.13100E-03,-76.00000E-03,-107.56281E-03
+1.13200E-03,-76.00000E-03,-113.59296E-03
+1.13300E-03,-76.00000E-03,-107.56281E-03
+1.13400E-03,-76.00000E-03,-105.55276E-03
+1.13500E-03,-76.00000E-03,-99.52261E-03
+1.13600E-03,-15.69849E-03,-107.56281E-03
+1.13700E-03,-76.00000E-03,-99.52261E-03
+1.13800E-03,-76.00000E-03,-99.52261E-03
+1.13900E-03,-76.00000E-03,-99.52261E-03
+1.14000E-03,-76.00000E-03,-99.52261E-03
+1.14100E-03,-35.79899E-03,-99.52261E-03
+1.14200E-03,-76.00000E-03,-99.52261E-03
+1.14300E-03,-76.00000E-03,-91.48241E-03
+1.14400E-03,-15.69849E-03,-93.49246E-03
+1.14500E-03,-76.00000E-03,-91.48241E-03
+1.14600E-03,+4.40201E-03,-91.48241E-03
+1.14700E-03,-76.00000E-03,-91.48241E-03
+1.14800E-03,-76.00000E-03,-91.48241E-03
+1.14900E-03,-76.00000E-03,-91.48241E-03
+1.15000E-03,-76.00000E-03,-91.48241E-03
+1.15100E-03,-76.00000E-03,-91.48241E-03
+1.15200E-03,-76.00000E-03,-85.45226E-03
+1.15300E-03,-35.79899E-03,-83.44221E-03
+1.15400E-03,-55.89950E-03,-89.47236E-03
+1.15500E-03,-76.00000E-03,-83.44221E-03
+1.15600E-03,-15.69849E-03,-83.44221E-03
+1.15700E-03,-76.00000E-03,-83.44221E-03
+1.15800E-03,-76.00000E-03,-77.41206E-03
+1.15900E-03,-76.00000E-03,-83.44221E-03
+1.16000E-03,-76.00000E-03,-83.44221E-03
+1.16100E-03,-35.79899E-03,-79.42211E-03
+1.16200E-03,-76.00000E-03,-75.40201E-03
+1.16300E-03,-76.00000E-03,-75.40201E-03
+1.16400E-03,-55.89950E-03,-75.40201E-03
+1.16500E-03,-76.00000E-03,-75.40201E-03
+1.16600E-03,-76.00000E-03,-69.37186E-03
+1.16700E-03,-76.00000E-03,-75.40201E-03
+1.16800E-03,-76.00000E-03,-81.43216E-03
+1.16900E-03,-76.00000E-03,-71.38191E-03
+1.17000E-03,-76.00000E-03,-73.39196E-03
+1.17100E-03,-76.00000E-03,-67.36181E-03
+1.17200E-03,-15.69849E-03,-73.39196E-03
+1.17300E-03,-35.79899E-03,-71.38191E-03
+1.17400E-03,-76.00000E-03,-69.37186E-03
+1.17500E-03,-76.00000E-03,-75.40201E-03
+1.17600E-03,-76.00000E-03,-73.39196E-03
+1.17700E-03,-76.00000E-03,-67.36181E-03
+1.17800E-03,-76.00000E-03,-67.36181E-03
+1.17900E-03,-76.00000E-03,-67.36181E-03
+1.18000E-03,-15.69849E-03,-67.36181E-03
+1.18100E-03,-76.00000E-03,-67.36181E-03
+1.18200E-03,-76.00000E-03,-67.36181E-03
+1.18300E-03,-76.00000E-03,-67.36181E-03
+1.18400E-03,-76.00000E-03,-59.32161E-03
+1.18500E-03,-35.79899E-03,-63.34171E-03
+1.18600E-03,-76.00000E-03,-59.32161E-03
+1.18700E-03,-76.00000E-03,-59.32161E-03
+1.18800E-03,-76.00000E-03,-61.33166E-03
+1.18900E-03,-35.79899E-03,-59.32161E-03
+1.19000E-03,-15.69849E-03,-59.32161E-03
+1.19100E-03,+4.40201E-03,-59.32161E-03
+1.19200E-03,-76.00000E-03,-59.32161E-03
+1.19300E-03,-76.00000E-03,-55.30151E-03
+1.19400E-03,-15.69849E-03,-57.31156E-03
+1.19500E-03,-76.00000E-03,-59.32161E-03
+1.19600E-03,-76.00000E-03,-51.28141E-03
+1.19700E-03,-35.79899E-03,-55.30151E-03
+1.19800E-03,-76.00000E-03,-53.29146E-03
+1.19900E-03,-76.00000E-03,-51.28141E-03
+1.20000E-03,-55.89950E-03,-57.31156E-03
+1.20100E-03,-35.79899E-03,-55.30151E-03
+1.20200E-03,-76.00000E-03,-51.28141E-03
+1.20300E-03,+4.40201E-03,-51.28141E-03
+1.20400E-03,-55.89950E-03,-51.28141E-03
+1.20500E-03,-76.00000E-03,-51.28141E-03
+1.20600E-03,-76.00000E-03,-49.27136E-03
+1.20700E-03,-76.00000E-03,-51.28141E-03
+1.20800E-03,-76.00000E-03,-53.29146E-03
+1.20900E-03,-76.00000E-03,-51.28141E-03
+1.21000E-03,-76.00000E-03,-45.25126E-03
+1.21100E-03,+4.40201E-03,-51.28141E-03
+1.21200E-03,-76.00000E-03,-49.27136E-03
+1.21300E-03,-35.79899E-03,-47.26131E-03
+1.21400E-03,-76.00000E-03,-51.28141E-03
+1.21500E-03,-76.00000E-03,-51.28141E-03
+1.21600E-03,-15.69849E-03,-43.24121E-03
+1.21700E-03,-76.00000E-03,-43.24121E-03
+1.21800E-03,-76.00000E-03,-43.24121E-03
+1.21900E-03,-76.00000E-03,-43.24121E-03
+1.22000E-03,-76.00000E-03,-45.25126E-03
+1.22100E-03,-76.00000E-03,-43.24121E-03
+1.22200E-03,-76.00000E-03,-43.24121E-03
+1.22300E-03,+4.40201E-03,-43.24121E-03
+1.22400E-03,-76.00000E-03,-43.24121E-03
+1.22500E-03,-76.00000E-03,-43.24121E-03
+1.22600E-03,-76.00000E-03,-43.24121E-03
+1.22700E-03,-76.00000E-03,-43.24121E-03
+1.22800E-03,-15.69849E-03,-43.24121E-03
+1.22900E-03,-76.00000E-03,-43.24121E-03
+1.23000E-03,-55.89950E-03,-43.24121E-03
+1.23100E-03,+4.40201E-03,-43.24121E-03
+1.23200E-03,-76.00000E-03,-43.24121E-03
+1.23300E-03,-76.00000E-03,-39.22111E-03
+1.23400E-03,-55.89950E-03,-37.21105E-03
+1.23500E-03,-76.00000E-03,-43.24121E-03
+1.23600E-03,-76.00000E-03,-35.20100E-03
+1.23700E-03,-35.79899E-03,-39.22111E-03
+1.23800E-03,-76.00000E-03,-35.20100E-03
+1.23900E-03,-76.00000E-03,-35.20100E-03
+1.24000E-03,+4.40201E-03,-41.23116E-03
+1.24100E-03,-76.00000E-03,-35.20100E-03
+1.24200E-03,-76.00000E-03,-35.20100E-03
+1.24300E-03,-76.00000E-03,-35.20100E-03
+1.24400E-03,-76.00000E-03,-41.23116E-03
+1.24500E-03,-35.79899E-03,-35.20100E-03
+1.24600E-03,-15.69849E-03,-35.20100E-03
+1.24700E-03,-76.00000E-03,-35.20100E-03
+1.24800E-03,-76.00000E-03,-37.21105E-03
+1.24900E-03,-76.00000E-03,-35.20100E-03
+1.25000E-03,-15.69849E-03,-35.20100E-03
+1.25100E-03,-76.00000E-03,-35.20100E-03
+1.25200E-03,-76.00000E-03,-35.20100E-03
+1.25300E-03,-76.00000E-03,-35.20100E-03
+1.25400E-03,-76.00000E-03,-35.20100E-03
+1.25500E-03,-76.00000E-03,-35.20100E-03
+1.25600E-03,-76.00000E-03,-35.20100E-03
+1.25700E-03,-76.00000E-03,-35.20100E-03
+1.25800E-03,-76.00000E-03,-33.19095E-03
+1.25900E-03,-76.00000E-03,-27.16080E-03
+1.26000E-03,-76.00000E-03,-29.17085E-03
+1.26100E-03,-76.00000E-03,-35.20100E-03
+1.26200E-03,-76.00000E-03,-33.19095E-03
+1.26300E-03,-76.00000E-03,-27.16080E-03
+1.26400E-03,-76.00000E-03,-27.16080E-03
+1.26500E-03,-76.00000E-03,-31.18090E-03
+1.26600E-03,-15.69849E-03,-27.16080E-03
+1.26700E-03,-76.00000E-03,-27.16080E-03
+1.26800E-03,-76.00000E-03,-27.16080E-03
+1.26900E-03,-76.00000E-03,-27.16080E-03
+1.27000E-03,-55.89950E-03,-27.16080E-03
+1.27100E-03,-76.00000E-03,-27.16080E-03
+1.27200E-03,-76.00000E-03,-27.16080E-03
+1.27300E-03,-76.00000E-03,-35.20100E-03
+1.27400E-03,-15.69849E-03,-27.16080E-03
+1.27500E-03,+4.40201E-03,-27.16080E-03
+1.27600E-03,-76.00000E-03,-27.16080E-03
+1.27700E-03,-35.79899E-03,-27.16080E-03
+1.27800E-03,-55.89950E-03,-27.16080E-03
+1.27900E-03,-76.00000E-03,-19.12060E-03
+1.28000E-03,-76.00000E-03,-27.16080E-03
+1.28100E-03,-35.79899E-03,-27.16080E-03
+1.28200E-03,-15.69849E-03,-27.16080E-03
+1.28300E-03,-76.00000E-03,-27.16080E-03
+1.28400E-03,-76.00000E-03,-27.16080E-03
+1.28500E-03,-35.79899E-03,-19.12060E-03
+1.28600E-03,-76.00000E-03,-27.16080E-03
+1.28700E-03,-76.00000E-03,-19.12060E-03
+1.28800E-03,-55.89950E-03,-27.16080E-03
+1.28900E-03,-76.00000E-03,-27.16080E-03
+1.29000E-03,-15.69849E-03,-25.15075E-03
+1.29100E-03,-76.00000E-03,-19.12060E-03
+1.29200E-03,-15.69849E-03,-21.13065E-03
+1.29300E-03,-35.79899E-03,-23.14070E-03
+1.29400E-03,-76.00000E-03,-25.15075E-03
+1.29500E-03,-76.00000E-03,-27.16080E-03
+1.29600E-03,-76.00000E-03,-21.13065E-03
+1.29700E-03,-76.00000E-03,-23.14070E-03
+1.29800E-03,-76.00000E-03,-25.15075E-03
+1.29900E-03,-76.00000E-03,-19.12060E-03
+1.30000E-03,-76.00000E-03,-19.12060E-03
+1.30100E-03,-76.00000E-03,-23.14070E-03
+1.30200E-03,-55.89950E-03,-19.12060E-03
+1.30300E-03,-76.00000E-03,-19.12060E-03
+1.30400E-03,+4.40201E-03,-19.12060E-03
+1.30500E-03,-76.00000E-03,-19.12060E-03
+1.30600E-03,-76.00000E-03,-19.12060E-03
+1.30700E-03,-76.00000E-03,-19.12060E-03
+1.30800E-03,-76.00000E-03,-25.15075E-03
+1.30900E-03,-76.00000E-03,-19.12060E-03
+1.31000E-03,-76.00000E-03,-19.12060E-03
+1.31100E-03,-76.00000E-03,-27.16080E-03
+1.31200E-03,-76.00000E-03,-19.12060E-03
+1.31300E-03,-76.00000E-03,-15.10050E-03
+1.31400E-03,-15.69849E-03,-13.09045E-03
+1.31500E-03,-76.00000E-03,-19.12060E-03
+1.31600E-03,-15.69849E-03,-19.12060E-03
+1.31700E-03,-76.00000E-03,-19.12060E-03
+1.31800E-03,-76.00000E-03,-19.12060E-03
+1.31900E-03,-76.00000E-03,-19.12060E-03
+1.32000E-03,-76.00000E-03,-17.11055E-03
+1.32100E-03,-76.00000E-03,-19.12060E-03
+1.32200E-03,-76.00000E-03,-19.12060E-03
+1.32300E-03,-76.00000E-03,-19.12060E-03
+1.32400E-03,-15.69849E-03,-19.12060E-03
+1.32500E-03,-35.79899E-03,-19.12060E-03
+1.32600E-03,-76.00000E-03,-19.12060E-03
+1.32700E-03,-76.00000E-03,-19.12060E-03
+1.32800E-03,+4.40201E-03,-13.09045E-03
+1.32900E-03,-35.79899E-03,-19.12060E-03
+1.33000E-03,-76.00000E-03,-19.12060E-03
+1.33100E-03,-76.00000E-03,-19.12060E-03
+1.33200E-03,-76.00000E-03,-19.12060E-03
+1.33300E-03,-76.00000E-03,-19.12060E-03
+1.33400E-03,-76.00000E-03,-11.08040E-03
+1.33500E-03,-76.00000E-03,-11.08040E-03
+1.33600E-03,-76.00000E-03,-19.12060E-03
+1.33700E-03,-76.00000E-03,-15.10050E-03
+1.33800E-03,-76.00000E-03,-13.09045E-03
+1.33900E-03,+4.40201E-03,-19.12060E-03
+1.34000E-03,-15.69849E-03,-13.09045E-03
+1.34100E-03,-35.79899E-03,-15.10050E-03
+1.34200E-03,-76.00000E-03,-13.09045E-03
+1.34300E-03,-76.00000E-03,-19.12060E-03
+1.34400E-03,-76.00000E-03,-19.12060E-03
+1.34500E-03,-76.00000E-03,-15.10050E-03
+1.34600E-03,-55.89950E-03,-17.11055E-03
+1.34700E-03,-76.00000E-03,-11.08040E-03
+1.34800E-03,-55.89950E-03,-13.09045E-03
+1.34900E-03,-76.00000E-03,-15.10050E-03
+1.35000E-03,-76.00000E-03,-13.09045E-03
+1.35100E-03,-76.00000E-03,-11.08040E-03
+1.35200E-03,-55.89950E-03,-11.08040E-03
+1.35300E-03,-35.79899E-03,-11.08040E-03
+1.35400E-03,-76.00000E-03,-17.11055E-03
+1.35500E-03,-76.00000E-03,-11.08040E-03
+1.35600E-03,+4.40201E-03,-17.11055E-03
+1.35700E-03,-76.00000E-03,-11.08040E-03
+1.35800E-03,-76.00000E-03,-11.08040E-03
+1.35900E-03,-76.00000E-03,-11.08040E-03
+1.36000E-03,-55.89950E-03,-11.08040E-03
+1.36100E-03,-76.00000E-03,-19.12060E-03
+1.36200E-03,-76.00000E-03,-11.08040E-03
+1.36300E-03,-76.00000E-03,-11.08040E-03
+1.36400E-03,-76.00000E-03,-11.08040E-03
+1.36500E-03,-76.00000E-03,-11.08040E-03
+1.36600E-03,-76.00000E-03,-11.08040E-03
+1.36700E-03,+4.40201E-03,-11.08040E-03
+1.36800E-03,-76.00000E-03,-11.08040E-03
+1.36900E-03,-35.79899E-03,-11.08040E-03
+1.37000E-03,-76.00000E-03,-11.08040E-03
+1.37100E-03,-76.00000E-03,-11.08040E-03
+1.37200E-03,-76.00000E-03,-11.08040E-03
+1.37300E-03,-35.79899E-03,-11.08040E-03
+1.37400E-03,-15.69849E-03,-11.08040E-03
